t,has_det,top_conf,elapsed_s,state,trigger_event
9.875,1,0.799,0.000,DETECTING,0
9.963,1,0.758,0.088,DETECTING,0
10.026,1,0.773,0.151,DETECTING,0
10.085,1,0.763,0.209,DETECTING,0
10.133,1,0.788,0.258,DETECTING,0
10.184,1,0.788,0.309,DETECTING,0
10.231,1,0.774,0.356,DETECTING,0
10.274,1,0.833,0.399,DETECTING,0
10.317,1,0.810,0.442,DETECTING,0
10.360,1,0.825,0.485,DETECTING,0
10.401,1,0.830,0.526,DETECTING,0
10.443,1,0.805,0.568,DETECTING,0
10.485,1,0.813,0.610,DETECTING,0
10.526,1,0.781,0.651,DETECTING,0
10.567,1,0.787,0.692,DETECTING,0
10.609,1,0.787,0.734,DETECTING,0
10.652,1,0.798,0.777,DETECTING,0
10.693,1,0.750,0.818,DETECTING,0
10.736,1,0.778,0.861,DETECTING,0
10.778,1,0.763,0.903,DETECTING,0
10.820,1,0.814,0.945,DETECTING,0
10.863,1,0.757,0.988,DETECTING,0
10.907,1,0.807,1.032,DETECTING,0
10.950,1,0.789,1.075,DETECTING,0
10.993,1,0.789,1.118,DETECTING,0
11.035,1,0.808,1.160,DETECTING,0
11.077,1,0.840,1.202,DETECTING,0
11.118,1,0.833,1.243,DETECTING,0
11.160,1,0.803,1.285,DETECTING,0
11.201,1,0.776,1.326,DETECTING,0
11.243,1,0.819,1.368,DETECTING,0
11.291,1,0.844,1.416,DETECTING,0
11.333,1,0.841,1.458,DETECTING,0
11.374,1,0.831,1.499,DETECTING,0
11.416,1,0.792,1.541,DETECTING,0
11.456,1,0.811,1.581,DETECTING,0
11.500,1,0.825,1.624,DETECTING,0
11.541,1,0.845,1.666,DETECTING,0
11.582,1,0.860,1.707,DETECTING,0
11.623,1,0.824,1.748,DETECTING,0
11.664,1,0.793,1.789,DETECTING,0
11.704,1,0.808,1.829,DETECTING,0
11.745,1,0.835,1.870,DETECTING,0
11.790,1,0.863,1.915,DETECTING,0
11.831,1,0.844,1.956,DETECTING,0
11.873,1,0.741,1.997,DETECTING,0
11.914,1,0.762,2.039,TRIGGERED,1
11.961,1,0.828,0.000,DETECTING,0
12.004,1,0.681,0.043,DETECTING,0
12.047,1,0.661,0.086,DETECTING,0
12.088,1,0.804,0.127,DETECTING,0
12.131,1,0.805,0.170,DETECTING,0
12.173,1,0.771,0.212,DETECTING,0
12.216,1,0.781,0.254,DETECTING,0
12.257,1,0.660,0.296,DETECTING,0
12.300,1,0.653,0.338,DETECTING,0
12.341,1,0.614,0.380,DETECTING,0
12.383,1,0.651,0.422,DETECTING,0
12.424,1,0.834,0.463,DETECTING,0
12.466,1,0.791,0.505,DETECTING,0
12.507,1,0.768,0.546,DETECTING,0
12.558,1,0.676,0.597,DETECTING,0
12.601,1,0.662,0.640,DETECTING,0
12.642,1,0.727,0.681,DETECTING,0
12.683,1,0.697,0.722,DETECTING,0
12.724,1,0.582,0.762,DETECTING,0
12.764,1,0.615,0.803,DETECTING,0
12.806,1,0.603,0.845,DETECTING,0
12.848,1,0.580,0.887,DETECTING,0
12.891,1,0.770,0.930,DETECTING,0
12.932,1,0.790,0.971,DETECTING,0
12.973,1,0.783,1.012,DETECTING,0
13.014,1,0.740,1.053,DETECTING,0
13.055,1,0.746,1.094,DETECTING,0
13.095,1,0.771,1.134,DETECTING,0
13.136,1,0.643,1.175,DETECTING,0
13.177,1,0.701,1.216,DETECTING,0
13.220,1,0.682,1.259,DETECTING,0
13.262,1,0.585,1.301,DETECTING,0
13.305,1,0.672,1.344,DETECTING,0
13.347,1,0.670,1.386,DETECTING,0
13.389,1,0.697,1.428,DETECTING,0
13.432,1,0.651,1.471,DETECTING,0
13.474,1,0.743,1.513,DETECTING,0
13.515,1,0.731,1.554,DETECTING,0
13.557,1,0.733,1.596,DETECTING,0
13.598,1,0.757,1.637,DETECTING,0
13.639,1,0.758,1.678,DETECTING,0
13.681,1,0.809,1.720,DETECTING,0
13.722,1,0.666,1.761,DETECTING,0
13.763,1,0.672,1.802,DETECTING,0
13.812,1,0.716,1.851,DETECTING,0
13.854,1,0.739,1.893,DETECTING,0
13.895,1,0.794,1.934,DETECTING,0
13.936,1,0.776,1.975,DETECTING,0
13.978,1,0.720,2.017,COOLDOWN,0
14.020,1,0.688,2.059,COOLDOWN,0
14.060,1,0.670,2.099,COOLDOWN,0
14.102,1,0.727,2.141,COOLDOWN,0
14.144,1,0.780,2.183,COOLDOWN,0
14.186,1,0.713,2.225,COOLDOWN,0
14.227,1,0.754,2.266,COOLDOWN,0
14.269,1,0.678,2.307,COOLDOWN,0
14.311,1,0.725,2.350,COOLDOWN,0
14.356,1,0.771,2.394,COOLDOWN,0
14.398,1,0.759,2.437,COOLDOWN,0
14.440,1,0.650,2.479,COOLDOWN,0
14.482,1,0.736,2.521,COOLDOWN,0
14.526,1,0.662,2.565,COOLDOWN,0
14.568,1,0.669,2.607,COOLDOWN,0
14.612,1,0.628,2.651,COOLDOWN,0
14.654,1,0.706,2.693,COOLDOWN,0
14.695,1,0.710,2.734,COOLDOWN,0
14.737,1,0.658,2.776,COOLDOWN,0
14.780,1,0.595,2.819,COOLDOWN,0
14.823,1,0.567,2.861,COOLDOWN,0
14.866,1,0.638,2.905,COOLDOWN,0
14.908,1,0.536,2.947,COOLDOWN,0
14.950,1,0.547,2.989,COOLDOWN,0
14.993,1,0.552,3.032,COOLDOWN,0
15.035,1,0.696,3.074,COOLDOWN,0
15.084,1,0.624,3.123,COOLDOWN,0
15.127,1,0.603,3.166,COOLDOWN,0
15.168,1,0.736,3.207,COOLDOWN,0
15.213,1,0.766,3.252,COOLDOWN,0
15.256,1,0.706,3.295,COOLDOWN,0
15.300,1,0.831,3.339,COOLDOWN,0
15.343,1,0.741,3.382,COOLDOWN,0
15.389,1,0.714,3.427,COOLDOWN,0
15.431,1,0.724,3.470,COOLDOWN,0
15.473,1,0.686,3.511,COOLDOWN,0
15.515,1,0.773,3.554,COOLDOWN,0
15.556,1,0.727,3.595,COOLDOWN,0
15.602,1,0.792,3.640,COOLDOWN,0
15.648,1,0.768,3.687,COOLDOWN,0
15.693,1,0.807,3.732,COOLDOWN,0
15.735,1,0.784,3.774,COOLDOWN,0
15.777,1,0.707,3.816,COOLDOWN,0
15.818,1,0.728,3.857,COOLDOWN,0
15.859,1,0.670,3.898,COOLDOWN,0
15.903,1,0.758,3.942,COOLDOWN,0
15.945,1,0.690,3.984,COOLDOWN,0
15.988,1,0.689,4.026,COOLDOWN,0
16.029,1,0.739,4.068,COOLDOWN,0
16.070,1,0.626,4.109,COOLDOWN,0
16.112,1,0.621,4.151,COOLDOWN,0
16.153,1,0.603,4.192,COOLDOWN,0
16.198,1,0.627,4.237,COOLDOWN,0
16.242,1,0.657,4.281,COOLDOWN,0
16.284,1,0.749,4.323,COOLDOWN,0
16.325,1,0.738,4.364,COOLDOWN,0
16.372,1,0.655,4.411,COOLDOWN,0
16.414,1,0.736,4.453,COOLDOWN,0
16.455,1,0.661,4.494,COOLDOWN,0
16.496,1,0.714,4.535,COOLDOWN,0
16.537,1,0.817,4.576,COOLDOWN,0
16.578,1,0.721,4.617,COOLDOWN,0
16.618,1,0.591,4.657,COOLDOWN,0
16.658,1,0.568,4.697,COOLDOWN,0
16.700,1,0.529,4.739,COOLDOWN,0
16.740,0,0.000,0.000,COOLDOWN,0
16.779,1,0.621,0.000,DETECTING,0
16.819,1,0.535,0.040,DETECTING,0
16.859,1,0.782,0.080,DETECTING,0
16.899,1,0.686,0.120,DETECTING,0
16.939,1,0.697,0.160,DETECTING,0
16.979,1,0.720,0.200,DETECTING,0
17.019,1,0.596,0.240,DETECTING,0
17.059,1,0.840,0.280,DETECTING,0
17.099,1,0.610,0.320,DETECTING,0
17.138,1,0.475,0.359,DETECTING,0
17.178,1,0.514,0.399,DETECTING,0
17.218,1,0.689,0.439,DETECTING,0
17.259,1,0.655,0.479,DETECTING,0
17.299,1,0.662,0.520,DETECTING,0
17.338,1,0.637,0.559,DETECTING,0
17.379,1,0.861,0.600,DETECTING,0
17.419,1,0.854,0.640,DETECTING,0
17.460,1,0.844,0.681,DETECTING,0
17.501,1,0.740,0.721,DETECTING,0
17.541,1,0.798,0.762,DETECTING,0
17.588,1,0.802,0.809,DETECTING,0
17.628,1,0.713,0.849,DETECTING,0
17.670,1,0.717,0.891,DETECTING,0
17.710,1,0.765,0.931,DETECTING,0
17.751,1,0.854,0.972,DETECTING,0
17.793,1,0.864,1.014,DETECTING,0
17.833,1,0.863,1.054,DETECTING,0
17.874,1,0.851,1.095,DETECTING,0
17.914,1,0.853,1.135,DETECTING,0
17.955,1,0.683,1.176,DETECTING,0
17.995,1,0.779,1.216,DETECTING,0
18.036,1,0.811,1.257,DETECTING,0
18.078,1,0.799,1.299,DETECTING,0
18.119,1,0.705,1.340,DETECTING,0
18.160,1,0.700,1.381,DETECTING,0
18.200,1,0.590,1.421,DETECTING,0
18.240,1,0.524,1.461,DETECTING,0
18.280,1,0.743,1.501,DETECTING,0
18.320,1,0.617,1.541,DETECTING,0
18.360,1,0.618,1.581,DETECTING,0
18.399,0,0.000,0.000,IDLE,0
18.438,1,0.634,0.000,DETECTING,0
18.478,1,0.507,0.040,DETECTING,0
18.518,1,0.637,0.080,DETECTING,0
18.558,1,0.638,0.120,DETECTING,0
18.599,1,0.617,0.161,DETECTING,0
18.640,1,0.654,0.201,DETECTING,0
18.680,1,0.568,0.242,DETECTING,0
18.720,1,0.660,0.282,DETECTING,0
18.760,1,0.612,0.322,DETECTING,0
18.808,1,0.612,0.369,DETECTING,0
18.848,1,0.490,0.410,DETECTING,0
18.888,1,0.578,0.450,DETECTING,0
18.928,1,0.687,0.490,DETECTING,0
18.968,1,0.601,0.530,DETECTING,0
19.010,1,0.688,0.571,DETECTING,0
19.052,1,0.815,0.614,DETECTING,0
19.094,1,0.616,0.656,DETECTING,0
19.136,1,0.661,0.698,DETECTING,0
19.178,1,0.617,0.739,DETECTING,0
19.219,1,0.612,0.780,DETECTING,0
19.259,1,0.513,0.820,DETECTING,0
19.299,1,0.563,0.860,DETECTING,0
19.338,1,0.520,0.900,DETECTING,0
19.380,1,0.567,0.941,DETECTING,0
19.421,1,0.553,0.982,DETECTING,0
19.463,1,0.790,1.024,DETECTING,0
19.505,1,0.855,1.067,DETECTING,0
19.545,1,0.732,1.107,DETECTING,0
19.583,0,0.000,0.000,IDLE,0
19.619,0,0.000,0.000,IDLE,0
19.656,0,0.000,0.000,IDLE,0
19.692,0,0.000,0.000,IDLE,0
19.728,0,0.000,0.000,IDLE,0
19.764,0,0.000,0.000,IDLE,0
19.801,0,0.000,0.000,IDLE,0
19.838,0,0.000,0.000,IDLE,0
19.876,1,0.518,0.000,DETECTING,0
19.914,0,0.000,0.000,IDLE,0
19.953,1,0.757,0.000,DETECTING,0
19.997,1,0.801,0.043,DETECTING,0
20.036,1,0.456,0.083,DETECTING,0
20.076,1,0.547,0.122,DETECTING,0
20.114,0,0.000,0.000,IDLE,0
20.152,0,0.000,0.000,IDLE,0
20.189,0,0.000,0.000,IDLE,0
20.225,0,0.000,0.000,IDLE,0
20.261,0,0.000,0.000,IDLE,0
20.299,1,0.570,0.000,DETECTING,0
20.336,0,0.000,0.000,IDLE,0
20.372,0,0.000,0.000,IDLE,0
20.409,0,0.000,0.000,IDLE,0
20.445,0,0.000,0.000,IDLE,0
20.484,1,0.579,0.000,DETECTING,0
20.521,0,0.000,0.000,IDLE,0
20.558,0,0.000,0.000,IDLE,0
20.594,0,0.000,0.000,IDLE,0
20.631,0,0.000,0.000,IDLE,0
20.669,1,0.495,0.000,DETECTING,0
20.706,0,0.000,0.000,IDLE,0
20.742,0,0.000,0.000,IDLE,0
20.778,0,0.000,0.000,IDLE,0
20.815,0,0.000,0.000,IDLE,0
20.853,1,0.482,0.000,DETECTING,0
20.892,0,0.000,0.000,IDLE,0
20.933,1,0.681,0.000,DETECTING,0
20.974,1,0.925,0.041,DETECTING,0
21.013,1,0.894,0.081,DETECTING,0
21.053,1,0.902,0.120,DETECTING,0
21.092,1,0.915,0.160,DETECTING,0
21.136,1,0.460,0.204,DETECTING,0
21.177,1,0.569,0.244,DETECTING,0
21.216,1,0.768,0.283,DETECTING,0
21.253,0,0.000,0.000,IDLE,0
21.292,1,0.701,0.000,DETECTING,0
21.331,1,0.874,0.039,DETECTING,0
21.371,1,0.889,0.079,DETECTING,0
21.410,1,0.880,0.118,DETECTING,0
21.450,1,0.898,0.157,DETECTING,0
21.490,1,0.898,0.198,DETECTING,0
21.529,1,0.912,0.237,DETECTING,0
21.569,1,0.876,0.277,DETECTING,0
21.608,1,0.919,0.316,DETECTING,0
21.649,1,0.930,0.357,DETECTING,0
21.688,1,0.918,0.396,DETECTING,0
21.728,1,0.923,0.436,DETECTING,0
21.767,1,0.903,0.475,DETECTING,0
21.806,1,0.858,0.514,DETECTING,0
21.845,1,0.839,0.553,DETECTING,0
21.885,1,0.710,0.593,DETECTING,0
21.925,1,0.650,0.633,DETECTING,0
21.964,1,0.867,0.672,DETECTING,0
22.005,1,0.886,0.713,DETECTING,0
22.045,1,0.900,0.753,DETECTING,0
22.085,1,0.875,0.793,DETECTING,0
22.125,1,0.816,0.833,DETECTING,0
22.165,1,0.866,0.873,DETECTING,0
22.205,1,0.807,0.913,DETECTING,0
22.245,1,0.810,0.953,DETECTING,0
22.285,1,0.835,0.993,DETECTING,0
22.329,1,0.771,1.037,DETECTING,0
22.368,1,0.780,1.076,DETECTING,0
22.407,1,0.844,1.115,DETECTING,0
22.446,1,0.848,1.154,DETECTING,0
22.485,1,0.835,1.193,DETECTING,0
22.525,1,0.871,1.233,DETECTING,0
22.564,1,0.855,1.272,DETECTING,0
22.604,1,0.859,1.312,DETECTING,0
22.643,1,0.874,1.351,DETECTING,0
22.682,1,0.899,1.390,DETECTING,0
22.721,1,0.901,1.429,DETECTING,0
22.761,1,0.893,1.469,DETECTING,0
22.801,1,0.894,1.509,DETECTING,0
22.841,1,0.920,1.549,DETECTING,0
22.880,1,0.911,1.588,DETECTING,0
22.919,1,0.901,1.627,DETECTING,0
22.958,1,0.894,1.666,DETECTING,0
22.998,1,0.905,1.706,DETECTING,0
23.037,1,0.901,1.745,DETECTING,0
23.076,1,0.906,1.784,DETECTING,0
23.115,1,0.860,1.823,DETECTING,0
23.155,1,0.875,1.863,DETECTING,0
23.195,1,0.875,1.903,DETECTING,0
23.235,1,0.897,1.943,DETECTING,0
23.275,1,0.862,1.982,DETECTING,0
23.314,1,0.887,2.022,TRIGGERED,1
23.362,1,0.899,0.000,DETECTING,0
23.401,1,0.865,0.040,DETECTING,0
23.441,1,0.891,0.080,DETECTING,0
23.480,1,0.851,0.119,DETECTING,0
23.525,1,0.876,0.163,DETECTING,0
23.565,1,0.883,0.203,DETECTING,0
23.605,1,0.888,0.243,DETECTING,0
23.644,1,0.831,0.282,DETECTING,0
23.684,1,0.855,0.322,DETECTING,0
23.723,1,0.879,0.361,DETECTING,0
23.762,1,0.876,0.400,DETECTING,0
23.802,1,0.842,0.440,DETECTING,0
23.841,1,0.862,0.480,DETECTING,0
23.881,1,0.834,0.520,DETECTING,0
23.921,1,0.859,0.559,DETECTING,0
23.960,1,0.885,0.599,DETECTING,0
24.000,1,0.860,0.639,DETECTING,0
24.039,1,0.863,0.678,DETECTING,0
24.080,1,0.893,0.718,DETECTING,0
24.119,1,0.880,0.757,DETECTING,0
24.159,1,0.865,0.797,DETECTING,0
24.198,1,0.880,0.836,DETECTING,0
24.238,1,0.883,0.876,DETECTING,0
24.278,1,0.875,0.917,DETECTING,0
24.319,1,0.873,0.957,DETECTING,0
24.358,1,0.873,0.997,DETECTING,0
24.398,1,0.834,1.036,DETECTING,0
24.437,1,0.832,1.076,DETECTING,0
24.477,1,0.853,1.116,DETECTING,0
24.517,1,0.871,1.155,DETECTING,0
24.557,1,0.861,1.196,DETECTING,0
24.597,1,0.835,1.236,DETECTING,0
24.637,1,0.825,1.275,DETECTING,0
24.676,1,0.862,1.315,DETECTING,0
24.721,1,0.832,1.359,DETECTING,0
24.760,1,0.871,1.398,DETECTING,0
24.799,1,0.842,1.437,DETECTING,0
24.838,1,0.871,1.476,DETECTING,0
24.877,1,0.842,1.516,DETECTING,0
24.917,1,0.866,1.556,DETECTING,0
24.957,1,0.847,1.596,DETECTING,0
24.996,1,0.818,1.635,DETECTING,0
25.036,1,0.864,1.674,DETECTING,0
25.075,1,0.849,1.713,DETECTING,0
25.115,1,0.819,1.754,DETECTING,0
25.155,1,0.869,1.793,DETECTING,0
25.195,1,0.845,1.833,DETECTING,0
25.234,1,0.821,1.872,DETECTING,0
25.273,1,0.833,1.911,DETECTING,0
25.316,1,0.833,1.954,DETECTING,0
25.354,1,0.825,1.993,DETECTING,0
25.394,1,0.852,2.033,COOLDOWN,0
25.434,1,0.856,2.073,COOLDOWN,0
25.474,1,0.875,2.113,COOLDOWN,0
25.513,1,0.859,2.152,COOLDOWN,0
25.553,1,0.835,2.192,COOLDOWN,0
25.592,1,0.855,2.231,COOLDOWN,0
25.631,1,0.810,2.270,COOLDOWN,0
25.671,1,0.881,2.309,COOLDOWN,0
25.710,1,0.852,2.349,COOLDOWN,0
25.750,1,0.853,2.388,COOLDOWN,0
25.790,1,0.886,2.428,COOLDOWN,0
25.830,1,0.854,2.468,COOLDOWN,0
25.869,1,0.865,2.508,COOLDOWN,0
25.914,1,0.857,2.553,COOLDOWN,0
25.956,1,0.835,2.594,COOLDOWN,0
25.996,1,0.864,2.635,COOLDOWN,0
26.035,1,0.894,2.674,COOLDOWN,0
26.074,1,0.861,2.713,COOLDOWN,0
26.113,1,0.852,2.751,COOLDOWN,0
26.151,1,0.872,2.790,COOLDOWN,0
26.191,1,0.847,2.829,COOLDOWN,0
26.230,1,0.893,2.869,COOLDOWN,0
26.269,1,0.870,2.908,COOLDOWN,0
26.309,1,0.844,2.948,COOLDOWN,0
26.349,1,0.864,2.987,COOLDOWN,0
26.388,1,0.893,3.026,COOLDOWN,0
26.427,1,0.892,3.065,COOLDOWN,0
26.466,1,0.859,3.105,COOLDOWN,0
26.505,1,0.841,3.144,COOLDOWN,0
26.545,1,0.895,3.183,COOLDOWN,0
26.583,1,0.870,3.222,COOLDOWN,0
26.622,1,0.864,3.261,COOLDOWN,0
26.661,1,0.865,3.300,COOLDOWN,0
26.702,1,0.885,3.340,COOLDOWN,0
26.741,1,0.857,3.379,COOLDOWN,0
26.779,1,0.875,3.418,COOLDOWN,0
26.819,1,0.865,3.457,COOLDOWN,0
26.858,1,0.880,3.496,COOLDOWN,0
26.899,1,0.880,3.538,COOLDOWN,0
26.938,1,0.852,3.577,COOLDOWN,0
26.977,1,0.868,3.616,COOLDOWN,0
27.017,1,0.859,3.656,COOLDOWN,0
27.056,1,0.892,3.695,COOLDOWN,0
27.101,1,0.878,3.739,COOLDOWN,0
27.140,1,0.851,3.779,COOLDOWN,0
27.179,1,0.880,3.818,COOLDOWN,0
27.218,1,0.831,3.857,COOLDOWN,0
27.258,1,0.825,3.896,COOLDOWN,0
27.297,1,0.858,3.936,COOLDOWN,0
27.336,1,0.864,3.975,COOLDOWN,0
27.376,1,0.852,4.014,COOLDOWN,0
27.415,1,0.879,4.053,COOLDOWN,0
27.454,1,0.801,4.092,COOLDOWN,0
27.493,1,0.837,4.132,COOLDOWN,0
27.532,1,0.857,4.170,COOLDOWN,0
27.571,1,0.841,4.210,COOLDOWN,0
27.610,1,0.862,4.249,COOLDOWN,0
27.650,1,0.882,4.288,COOLDOWN,0
27.689,1,0.873,4.327,COOLDOWN,0
27.728,1,0.871,4.367,COOLDOWN,0
27.767,1,0.873,4.406,COOLDOWN,0
27.807,1,0.865,4.445,COOLDOWN,0
27.846,1,0.855,4.484,COOLDOWN,0
27.886,1,0.852,4.524,COOLDOWN,0
27.925,1,0.893,4.564,COOLDOWN,0
27.965,1,0.894,4.603,COOLDOWN,0
28.004,1,0.864,4.642,COOLDOWN,0
28.043,1,0.860,4.681,COOLDOWN,0
28.082,1,0.888,4.720,COOLDOWN,0
28.122,1,0.876,4.760,COOLDOWN,0
28.161,1,0.888,4.800,COOLDOWN,0
28.201,1,0.844,4.839,COOLDOWN,0
28.240,1,0.870,4.879,COOLDOWN,0
28.286,1,0.871,4.924,COOLDOWN,0
28.334,1,0.862,4.972,TRIGGERED,1
28.394,1,0.886,0.000,DETECTING,0
28.439,1,0.849,0.045,DETECTING,0
28.480,1,0.884,0.086,DETECTING,0
28.526,1,0.852,0.132,DETECTING,0
28.575,1,0.900,0.181,DETECTING,0
28.619,1,0.880,0.225,DETECTING,0
28.663,1,0.851,0.269,DETECTING,0
28.708,1,0.868,0.315,DETECTING,0
28.752,1,0.872,0.358,DETECTING,0
28.794,1,0.840,0.400,DETECTING,0
28.837,1,0.866,0.443,DETECTING,0
28.878,1,0.861,0.484,DETECTING,0
28.923,1,0.833,0.529,DETECTING,0
28.969,1,0.843,0.575,DETECTING,0
29.024,1,0.724,0.630,DETECTING,0
29.071,1,0.463,0.677,DETECTING,0
29.110,0,0.000,0.000,COOLDOWN,0
29.152,1,0.530,0.000,DETECTING,0
29.194,1,0.565,0.042,DETECTING,0
29.238,1,0.576,0.086,DETECTING,0
29.280,1,0.585,0.128,DETECTING,0
29.321,1,0.474,0.169,DETECTING,0
29.362,1,0.496,0.210,DETECTING,0
29.403,1,0.455,0.251,DETECTING,0
29.443,1,0.533,0.291,DETECTING,0
29.485,1,0.615,0.333,DETECTING,0
29.527,1,0.499,0.375,DETECTING,0
29.567,1,0.466,0.415,DETECTING,0
29.610,0,0.000,0.000,COOLDOWN,0
29.647,0,0.000,0.000,COOLDOWN,0
29.683,0,0.000,0.000,COOLDOWN,0
29.720,0,0.000,0.000,COOLDOWN,0
29.759,1,0.723,0.000,DETECTING,0
29.799,1,0.640,0.040,DETECTING,0
29.838,1,0.666,0.079,DETECTING,0
29.877,1,0.696,0.118,DETECTING,0
29.917,1,0.570,0.158,DETECTING,0
29.957,1,0.591,0.198,DETECTING,0
29.996,1,0.590,0.237,DETECTING,0
30.035,1,0.473,0.276,DETECTING,0
30.072,0,0.000,0.000,COOLDOWN,0
30.110,1,0.483,0.000,DETECTING,0
30.150,1,0.456,0.039,DETECTING,0
30.189,1,0.457,0.079,DETECTING,0
30.228,1,0.456,0.118,DETECTING,0
30.265,0,0.000,0.000,COOLDOWN,0
30.305,1,0.483,0.000,DETECTING,0
30.342,0,0.000,0.000,COOLDOWN,0
30.380,1,0.478,0.000,DETECTING,0
30.419,1,0.605,0.039,DETECTING,0
30.456,0,0.000,0.000,COOLDOWN,0
30.493,0,0.000,0.000,COOLDOWN,0
30.532,1,0.643,0.000,DETECTING,0
30.571,1,0.639,0.040,DETECTING,0
30.611,1,0.669,0.079,DETECTING,0
30.650,1,0.728,0.119,DETECTING,0
30.690,1,0.757,0.158,DETECTING,0
30.729,1,0.734,0.198,DETECTING,0
30.774,1,0.607,0.242,DETECTING,0
30.810,0,0.000,0.000,COOLDOWN,0
30.849,1,0.519,0.000,DETECTING,0
30.889,1,0.587,0.040,DETECTING,0
30.926,0,0.000,0.000,COOLDOWN,0
30.963,0,0.000,0.000,COOLDOWN,0
31.001,0,0.000,0.000,COOLDOWN,0
31.037,0,0.000,0.000,COOLDOWN,0
31.074,0,0.000,0.000,COOLDOWN,0
31.110,0,0.000,0.000,COOLDOWN,0
31.146,0,0.000,0.000,COOLDOWN,0
31.183,0,0.000,0.000,COOLDOWN,0
31.219,0,0.000,0.000,COOLDOWN,0
31.255,0,0.000,0.000,COOLDOWN,0
31.293,0,0.000,0.000,COOLDOWN,0
31.332,0,0.000,0.000,COOLDOWN,0
31.368,0,0.000,0.000,COOLDOWN,0
31.404,0,0.000,0.000,COOLDOWN,0
31.440,0,0.000,0.000,COOLDOWN,0
31.477,0,0.000,0.000,COOLDOWN,0
31.515,0,0.000,0.000,COOLDOWN,0
31.551,0,0.000,0.000,COOLDOWN,0
31.587,0,0.000,0.000,COOLDOWN,0
31.623,0,0.000,0.000,COOLDOWN,0
31.659,0,0.000,0.000,COOLDOWN,0
31.695,0,0.000,0.000,COOLDOWN,0
31.731,0,0.000,0.000,COOLDOWN,0
31.767,0,0.000,0.000,COOLDOWN,0
31.806,0,0.000,0.000,COOLDOWN,0
31.843,0,0.000,0.000,COOLDOWN,0
31.887,0,0.000,0.000,COOLDOWN,0
31.925,0,0.000,0.000,COOLDOWN,0
31.961,0,0.000,0.000,COOLDOWN,0
31.998,0,0.000,0.000,COOLDOWN,0
32.034,0,0.000,0.000,COOLDOWN,0
32.070,0,0.000,0.000,COOLDOWN,0
32.108,1,0.533,0.000,DETECTING,0
32.145,0,0.000,0.000,COOLDOWN,0
32.181,0,0.000,0.000,COOLDOWN,0
32.217,0,0.000,0.000,COOLDOWN,0
32.253,0,0.000,0.000,COOLDOWN,0
32.289,0,0.000,0.000,COOLDOWN,0
32.325,0,0.000,0.000,COOLDOWN,0
32.361,0,0.000,0.000,COOLDOWN,0
32.397,0,0.000,0.000,COOLDOWN,0
32.436,1,0.477,0.000,DETECTING,0
32.475,1,0.526,0.039,DETECTING,0
32.511,0,0.000,0.000,COOLDOWN,0
32.547,0,0.000,0.000,COOLDOWN,0
32.583,0,0.000,0.000,COOLDOWN,0
32.619,0,0.000,0.000,COOLDOWN,0
32.655,0,0.000,0.000,COOLDOWN,0
32.691,0,0.000,0.000,COOLDOWN,0
32.727,0,0.000,0.000,COOLDOWN,0
32.763,0,0.000,0.000,COOLDOWN,0
32.801,0,0.000,0.000,COOLDOWN,0
32.837,0,0.000,0.000,COOLDOWN,0
32.873,0,0.000,0.000,COOLDOWN,0
32.908,0,0.000,0.000,COOLDOWN,0
32.944,0,0.000,0.000,COOLDOWN,0
32.986,0,0.000,0.000,COOLDOWN,0
33.023,0,0.000,0.000,COOLDOWN,0
33.059,0,0.000,0.000,COOLDOWN,0
33.097,1,0.480,0.000,DETECTING,0
33.134,0,0.000,0.000,COOLDOWN,0
33.170,0,0.000,0.000,COOLDOWN,0
33.206,0,0.000,0.000,COOLDOWN,0
33.241,0,0.000,0.000,COOLDOWN,0
33.278,0,0.000,0.000,COOLDOWN,0
33.314,0,0.000,0.000,COOLDOWN,0
33.351,0,0.000,0.000,IDLE,0
33.387,0,0.000,0.000,IDLE,0
33.422,0,0.000,0.000,IDLE,0
33.458,0,0.000,0.000,IDLE,0
33.494,0,0.000,0.000,IDLE,0
33.531,0,0.000,0.000,IDLE,0
33.567,0,0.000,0.000,IDLE,0
33.603,0,0.000,0.000,IDLE,0
33.638,0,0.000,0.000,IDLE,0
33.674,0,0.000,0.000,IDLE,0
33.710,0,0.000,0.000,IDLE,0
33.746,0,0.000,0.000,IDLE,0
33.782,0,0.000,0.000,IDLE,0
33.818,0,0.000,0.000,IDLE,0
33.854,0,0.000,0.000,IDLE,0
33.890,0,0.000,0.000,IDLE,0
33.928,1,0.505,0.000,DETECTING,0
33.967,1,0.474,0.039,DETECTING,0
34.004,0,0.000,0.000,IDLE,0
34.040,0,0.000,0.000,IDLE,0
34.084,1,0.454,0.000,DETECTING,0
34.120,0,0.000,0.000,IDLE,0
34.158,1,0.465,0.000,DETECTING,0
34.195,0,0.000,0.000,IDLE,0
34.231,0,0.000,0.000,IDLE,0
34.267,0,0.000,0.000,IDLE,0
34.303,0,0.000,0.000,IDLE,0
34.339,0,0.000,0.000,IDLE,0
34.375,0,0.000,0.000,IDLE,0
34.411,0,0.000,0.000,IDLE,0
34.447,0,0.000,0.000,IDLE,0
34.485,0,0.000,0.000,IDLE,0
34.523,0,0.000,0.000,IDLE,0
34.560,0,0.000,0.000,IDLE,0
34.598,1,0.463,0.000,DETECTING,0
34.637,1,0.537,0.039,DETECTING,0
34.676,0,0.000,0.000,IDLE,0
34.714,1,0.504,0.000,DETECTING,0
34.753,0,0.000,0.000,IDLE,0
34.789,0,0.000,0.000,IDLE,0
34.826,0,0.000,0.000,IDLE,0
34.862,0,0.000,0.000,IDLE,0
34.900,1,0.515,0.000,DETECTING,0
34.936,0,0.000,0.000,IDLE,0
34.972,0,0.000,0.000,IDLE,0
35.008,0,0.000,0.000,IDLE,0
35.044,0,0.000,0.000,IDLE,0
35.081,0,0.000,0.000,IDLE,0
35.116,0,0.000,0.000,IDLE,0
35.152,0,0.000,0.000,IDLE,0
35.194,0,0.000,0.000,IDLE,0
35.230,0,0.000,0.000,IDLE,0
35.266,0,0.000,0.000,IDLE,0
35.302,0,0.000,0.000,IDLE,0
35.338,0,0.000,0.000,IDLE,0
35.376,1,0.481,0.000,DETECTING,0
35.415,1,0.485,0.039,DETECTING,0
35.452,0,0.000,0.000,IDLE,0
35.488,0,0.000,0.000,IDLE,0
35.526,1,0.469,0.000,DETECTING,0
35.563,0,0.000,0.000,IDLE,0
35.599,0,0.000,0.000,IDLE,0
35.637,1,0.451,0.000,DETECTING,0
35.676,1,0.504,0.039,DETECTING,0
35.713,0,0.000,0.000,IDLE,0
35.749,0,0.000,0.000,IDLE,0
35.786,0,0.000,0.000,IDLE,0
35.822,0,0.000,0.000,IDLE,0
35.858,0,0.000,0.000,IDLE,0
35.895,0,0.000,0.000,IDLE,0
35.932,0,0.000,0.000,IDLE,0
35.972,0,0.000,0.000,IDLE,0
36.010,1,0.521,0.000,DETECTING,0
36.049,1,0.526,0.039,DETECTING,0
36.088,1,0.466,0.078,DETECTING,0
36.125,0,0.000,0.000,IDLE,0
36.161,0,0.000,0.000,IDLE,0
36.197,0,0.000,0.000,IDLE,0
36.233,0,0.000,0.000,IDLE,0
36.269,0,0.000,0.000,IDLE,0
36.312,0,0.000,0.000,IDLE,0
36.348,0,0.000,0.000,IDLE,0
36.384,0,0.000,0.000,IDLE,0
36.422,0,0.000,0.000,IDLE,0
36.458,0,0.000,0.000,IDLE,0
36.494,0,0.000,0.000,IDLE,0
36.532,1,0.459,0.000,DETECTING,0
36.571,1,0.458,0.039,DETECTING,0
36.607,0,0.000,0.000,IDLE,0
36.643,0,0.000,0.000,IDLE,0
36.681,1,0.508,0.000,DETECTING,0
36.720,1,0.473,0.039,DETECTING,0
36.760,1,0.517,0.078,DETECTING,0
36.801,1,0.454,0.119,DETECTING,0
36.837,0,0.000,0.000,IDLE,0
36.876,1,0.498,0.000,DETECTING,0
36.913,0,0.000,0.000,IDLE,0
36.951,1,0.477,0.000,DETECTING,0
36.988,0,0.000,0.000,IDLE,0
37.025,0,0.000,0.000,IDLE,0
37.063,1,0.457,0.000,DETECTING,0
37.100,0,0.000,0.000,IDLE,0
37.137,0,0.000,0.000,IDLE,0
37.173,0,0.000,0.000,IDLE,0
37.211,1,0.466,0.000,DETECTING,0
37.251,1,0.464,0.039,DETECTING,0
37.287,0,0.000,0.000,IDLE,0
37.323,0,0.000,0.000,IDLE,0
37.359,0,0.000,0.000,IDLE,0
37.398,1,0.478,0.000,DETECTING,0
37.440,0,0.000,0.000,IDLE,0
37.478,1,0.458,0.000,DETECTING,0
37.514,0,0.000,0.000,IDLE,0
37.550,0,0.000,0.000,IDLE,0
37.587,0,0.000,0.000,IDLE,0
37.623,0,0.000,0.000,IDLE,0
37.661,1,0.475,0.000,DETECTING,0
37.697,0,0.000,0.000,IDLE,0
37.733,0,0.000,0.000,IDLE,0
37.769,0,0.000,0.000,IDLE,0
37.805,0,0.000,0.000,IDLE,0
37.843,0,0.000,0.000,IDLE,0
37.879,0,0.000,0.000,IDLE,0
37.916,0,0.000,0.000,IDLE,0
37.952,0,0.000,0.000,IDLE,0
37.988,0,0.000,0.000,IDLE,0
38.027,1,0.506,0.000,DETECTING,0
38.063,0,0.000,0.000,IDLE,0
38.100,0,0.000,0.000,IDLE,0
38.136,0,0.000,0.000,IDLE,0
38.172,0,0.000,0.000,IDLE,0
38.208,0,0.000,0.000,IDLE,0
38.244,0,0.000,0.000,IDLE,0
38.281,0,0.000,0.000,IDLE,0
38.317,0,0.000,0.000,IDLE,0
38.353,0,0.000,0.000,IDLE,0
38.389,0,0.000,0.000,IDLE,0
38.426,0,0.000,0.000,IDLE,0
38.462,0,0.000,0.000,IDLE,0
38.498,0,0.000,0.000,IDLE,0
38.540,0,0.000,0.000,IDLE,0
38.576,0,0.000,0.000,IDLE,0
38.612,0,0.000,0.000,IDLE,0
38.648,0,0.000,0.000,IDLE,0
38.684,0,0.000,0.000,IDLE,0
38.722,1,0.451,0.000,DETECTING,0
38.759,0,0.000,0.000,IDLE,0
38.795,0,0.000,0.000,IDLE,0
38.831,0,0.000,0.000,IDLE,0
38.867,0,0.000,0.000,IDLE,0
38.903,0,0.000,0.000,IDLE,0
38.940,0,0.000,0.000,IDLE,0
38.976,0,0.000,0.000,IDLE,0
39.012,0,0.000,0.000,IDLE,0
39.048,0,0.000,0.000,IDLE,0
39.084,0,0.000,0.000,IDLE,0
39.120,0,0.000,0.000,IDLE,0
39.157,0,0.000,0.000,IDLE,0
39.193,0,0.000,0.000,IDLE,0
39.229,0,0.000,0.000,IDLE,0
39.267,0,0.000,0.000,IDLE,0
39.304,0,0.000,0.000,IDLE,0
39.340,0,0.000,0.000,IDLE,0
39.376,0,0.000,0.000,IDLE,0
39.413,0,0.000,0.000,IDLE,0
39.449,0,0.000,0.000,IDLE,0
39.485,0,0.000,0.000,IDLE,0
39.521,0,0.000,0.000,IDLE,0
39.557,0,0.000,0.000,IDLE,0
39.594,0,0.000,0.000,IDLE,0
39.636,0,0.000,0.000,IDLE,0
39.674,0,0.000,0.000,IDLE,0
39.710,0,0.000,0.000,IDLE,0
39.747,0,0.000,0.000,IDLE,0
39.783,0,0.000,0.000,IDLE,0
39.820,0,0.000,0.000,IDLE,0
39.858,0,0.000,0.000,IDLE,0
39.895,0,0.000,0.000,IDLE,0
39.931,0,0.000,0.000,IDLE,0
39.968,0,0.000,0.000,IDLE,0
40.004,0,0.000,0.000,IDLE,0
40.040,0,0.000,0.000,IDLE,0
40.077,0,0.000,0.000,IDLE,0
40.113,0,0.000,0.000,IDLE,0
40.149,0,0.000,0.000,IDLE,0
40.186,0,0.000,0.000,IDLE,0
40.223,0,0.000,0.000,IDLE,0
40.261,0,0.000,0.000,IDLE,0
40.299,0,0.000,0.000,IDLE,0
40.335,0,0.000,0.000,IDLE,0
40.372,0,0.000,0.000,IDLE,0
40.408,0,0.000,0.000,IDLE,0
40.445,0,0.000,0.000,IDLE,0
40.481,0,0.000,0.000,IDLE,0
40.517,0,0.000,0.000,IDLE,0
40.554,0,0.000,0.000,IDLE,0
40.592,0,0.000,0.000,IDLE,0
40.630,0,0.000,0.000,IDLE,0
40.668,0,0.000,0.000,IDLE,0
40.709,0,0.000,0.000,IDLE,0
40.752,0,0.000,0.000,IDLE,0
40.791,0,0.000,0.000,IDLE,0
40.830,0,0.000,0.000,IDLE,0
40.868,0,0.000,0.000,IDLE,0
40.908,1,0.578,0.000,DETECTING,0
40.948,0,0.000,0.000,IDLE,0
40.988,0,0.000,0.000,IDLE,0
41.027,0,0.000,0.000,IDLE,0
41.065,0,0.000,0.000,IDLE,0
41.103,0,0.000,0.000,IDLE,0
41.139,0,0.000,0.000,IDLE,0
41.176,0,0.000,0.000,IDLE,0
41.214,0,0.000,0.000,IDLE,0
41.250,0,0.000,0.000,IDLE,0
41.287,0,0.000,0.000,IDLE,0
41.324,0,0.000,0.000,IDLE,0
41.360,0,0.000,0.000,IDLE,0
41.397,0,0.000,0.000,IDLE,0
41.433,0,0.000,0.000,IDLE,0
41.470,0,0.000,0.000,IDLE,0
41.509,1,0.723,0.000,DETECTING,0
41.547,0,0.000,0.000,IDLE,0
41.589,1,0.551,0.000,DETECTING,0
41.626,0,0.000,0.000,IDLE,0
41.665,1,0.587,0.000,DETECTING,0
41.702,0,0.000,0.000,IDLE,0
41.740,0,0.000,0.000,IDLE,0
41.778,0,0.000,0.000,IDLE,0
41.816,0,0.000,0.000,IDLE,0
41.852,0,0.000,0.000,IDLE,0
41.901,0,0.000,0.000,IDLE,0
41.937,0,0.000,0.000,IDLE,0
41.975,0,0.000,0.000,IDLE,0
42.014,0,0.000,0.000,IDLE,0
42.050,0,0.000,0.000,IDLE,0
42.086,0,0.000,0.000,IDLE,0
42.125,0,0.000,0.000,IDLE,0
42.162,0,0.000,0.000,IDLE,0
42.200,0,0.000,0.000,IDLE,0
42.238,0,0.000,0.000,IDLE,0
42.274,0,0.000,0.000,IDLE,0
42.312,0,0.000,0.000,IDLE,0
42.348,0,0.000,0.000,IDLE,0
42.386,0,0.000,0.000,IDLE,0
42.424,0,0.000,0.000,IDLE,0
42.463,0,0.000,0.000,IDLE,0
42.500,0,0.000,0.000,IDLE,0
42.536,0,0.000,0.000,IDLE,0
42.572,0,0.000,0.000,IDLE,0
42.610,0,0.000,0.000,IDLE,0
42.648,0,0.000,0.000,IDLE,0
42.684,0,0.000,0.000,IDLE,0
42.720,0,0.000,0.000,IDLE,0
42.756,0,0.000,0.000,IDLE,0
42.792,0,0.000,0.000,IDLE,0
42.830,0,0.000,0.000,IDLE,0
42.866,0,0.000,0.000,IDLE,0
42.903,0,0.000,0.000,IDLE,0
42.939,0,0.000,0.000,IDLE,0
42.974,0,0.000,0.000,IDLE,0
43.017,0,0.000,0.000,IDLE,0
43.053,0,0.000,0.000,IDLE,0
43.091,0,0.000,0.000,IDLE,0
43.127,0,0.000,0.000,IDLE,0
43.163,0,0.000,0.000,IDLE,0
43.201,1,0.522,0.000,DETECTING,0
43.238,0,0.000,0.000,IDLE,0
43.277,1,0.479,0.000,DETECTING,0
43.316,1,0.472,0.039,DETECTING,0
43.355,1,0.573,0.078,DETECTING,0
43.394,1,0.524,0.118,DETECTING,0
43.431,0,0.000,0.000,IDLE,0
43.469,1,0.477,0.000,DETECTING,0
43.508,0,0.000,0.000,IDLE,0
43.544,0,0.000,0.000,IDLE,0
43.583,1,0.450,0.000,DETECTING,0
43.622,1,0.499,0.039,DETECTING,0
43.661,1,0.563,0.078,DETECTING,0
43.700,1,0.552,0.117,DETECTING,0
43.736,0,0.000,0.000,IDLE,0
43.775,1,0.533,0.000,DETECTING,0
43.813,1,0.471,0.039,DETECTING,0
43.850,0,0.000,0.000,IDLE,0
43.889,1,0.479,0.000,DETECTING,0
43.926,0,0.000,0.000,IDLE,0
43.963,0,0.000,0.000,IDLE,0
44.002,1,0.581,0.000,DETECTING,0
44.038,0,0.000,0.000,IDLE,0
44.076,1,0.465,0.000,DETECTING,0
44.115,1,0.538,0.038,DETECTING,0
44.159,1,0.512,0.083,DETECTING,0
44.195,0,0.000,0.000,IDLE,0
44.233,0,0.000,0.000,IDLE,0
44.271,1,0.499,0.000,DETECTING,0
44.310,0,0.000,0.000,IDLE,0
44.349,1,0.450,0.000,DETECTING,0
44.386,0,0.000,0.000,IDLE,0
44.425,1,0.519,0.000,DETECTING,0
44.461,0,0.000,0.000,IDLE,0
44.497,0,0.000,0.000,IDLE,0
44.536,1,0.510,0.000,DETECTING,0
44.575,1,0.600,0.040,DETECTING,0
44.614,0,0.000,0.000,IDLE,0
44.652,1,0.486,0.000,DETECTING,0
44.691,1,0.490,0.038,DETECTING,0
44.727,0,0.000,0.000,IDLE,0
44.766,1,0.668,0.000,DETECTING,0
44.803,0,0.000,0.000,IDLE,0
44.839,0,0.000,0.000,IDLE,0
44.875,0,0.000,0.000,IDLE,0
44.913,1,0.508,0.000,DETECTING,0
44.951,1,0.482,0.038,DETECTING,0
44.990,1,0.475,0.077,DETECTING,0
45.029,1,0.518,0.116,DETECTING,0
45.066,0,0.000,0.000,IDLE,0
45.102,0,0.000,0.000,IDLE,0
45.138,0,0.000,0.000,IDLE,0
45.177,1,0.585,0.000,DETECTING,0
45.216,1,0.528,0.039,DETECTING,0
45.255,1,0.636,0.078,DETECTING,0
45.299,1,0.565,0.122,DETECTING,0
45.338,1,0.563,0.161,DETECTING,0
45.375,0,0.000,0.000,IDLE,0
45.415,1,0.534,0.000,DETECTING,0
45.454,1,0.594,0.039,DETECTING,0
45.493,1,0.497,0.079,DETECTING,0
45.532,1,0.556,0.117,DETECTING,0
45.571,1,0.487,0.156,DETECTING,0
45.610,1,0.531,0.195,DETECTING,0
45.650,1,0.595,0.235,DETECTING,0
45.690,1,0.563,0.275,DETECTING,0
45.729,0,0.000,0.000,IDLE,0
45.768,1,0.589,0.000,DETECTING,0
45.807,1,0.591,0.040,DETECTING,0
45.847,1,0.492,0.079,DETECTING,0
45.887,1,0.499,0.119,DETECTING,0
45.927,1,0.506,0.159,DETECTING,0
45.968,1,0.646,0.200,DETECTING,0
46.008,1,0.639,0.240,DETECTING,0
46.048,1,0.482,0.280,DETECTING,0
46.087,1,0.507,0.320,DETECTING,0
46.128,1,0.649,0.361,DETECTING,0
46.168,1,0.544,0.400,DETECTING,0
46.208,1,0.601,0.440,DETECTING,0
46.247,1,0.567,0.480,DETECTING,0
46.287,0,0.000,0.000,IDLE,0
46.326,1,0.453,0.000,DETECTING,0
46.365,1,0.533,0.039,DETECTING,0
46.404,1,0.510,0.078,DETECTING,0
46.444,1,0.534,0.118,DETECTING,0
46.489,1,0.596,0.163,DETECTING,0
46.531,1,0.672,0.205,DETECTING,0
46.570,1,0.527,0.244,DETECTING,0
46.609,1,0.493,0.283,DETECTING,0
46.649,1,0.535,0.323,DETECTING,0
46.686,0,0.000,0.000,IDLE,0
46.723,0,0.000,0.000,IDLE,0
46.763,1,0.638,0.000,DETECTING,0
46.802,1,0.472,0.039,DETECTING,0
46.841,1,0.655,0.079,DETECTING,0
46.880,1,0.538,0.118,DETECTING,0
46.920,1,0.471,0.157,DETECTING,0
46.959,1,0.583,0.196,DETECTING,0
47.000,1,0.666,0.237,DETECTING,0
47.039,1,0.653,0.277,DETECTING,0
47.079,1,0.730,0.317,DETECTING,0
47.119,1,0.696,0.356,DETECTING,0
47.159,1,0.695,0.396,DETECTING,0
47.199,1,0.596,0.436,DETECTING,0
47.239,1,0.652,0.476,DETECTING,0
47.280,1,0.602,0.517,DETECTING,0
47.319,1,0.577,0.557,DETECTING,0
47.358,1,0.474,0.596,DETECTING,0
47.398,1,0.500,0.636,DETECTING,0
47.438,1,0.526,0.676,DETECTING,0
47.478,1,0.480,0.715,DETECTING,0
47.517,1,0.509,0.754,DETECTING,0
47.556,1,0.456,0.794,DETECTING,0
47.593,0,0.000,0.000,IDLE,0
47.638,1,0.516,0.000,DETECTING,0
47.683,1,0.562,0.045,DETECTING,0
47.722,1,0.518,0.084,DETECTING,0
47.760,0,0.000,0.000,IDLE,0
47.799,1,0.500,0.000,DETECTING,0
47.838,1,0.487,0.039,DETECTING,0
47.878,1,0.523,0.079,DETECTING,0
47.915,0,0.000,0.000,IDLE,0
47.951,0,0.000,0.000,IDLE,0
47.987,0,0.000,0.000,IDLE,0
48.023,0,0.000,0.000,IDLE,0
48.062,1,0.466,0.000,DETECTING,0
48.100,1,0.472,0.039,DETECTING,0
48.140,1,0.524,0.078,DETECTING,0
48.179,1,0.537,0.117,DETECTING,0
48.218,1,0.475,0.156,DETECTING,0
48.255,0,0.000,0.000,IDLE,0
48.294,1,0.487,0.000,DETECTING,0
48.333,1,0.541,0.039,DETECTING,0
48.370,0,0.000,0.000,IDLE,0
48.408,1,0.508,0.000,DETECTING,0
48.447,1,0.450,0.039,DETECTING,0
48.485,1,0.457,0.077,DETECTING,0
48.524,1,0.550,0.116,DETECTING,0
48.563,1,0.494,0.155,DETECTING,0
48.602,1,0.559,0.194,DETECTING,0
48.641,1,0.592,0.233,DETECTING,0
48.681,1,0.526,0.273,DETECTING,0
48.719,1,0.551,0.312,DETECTING,0
48.758,1,0.516,0.350,DETECTING,0
48.798,1,0.506,0.390,DETECTING,0
48.842,1,0.602,0.434,DETECTING,0
48.881,1,0.613,0.473,DETECTING,0
48.921,1,0.598,0.513,DETECTING,0
48.959,1,0.533,0.551,DETECTING,0
48.998,1,0.533,0.590,DETECTING,0
49.037,1,0.539,0.629,DETECTING,0
49.077,1,0.586,0.669,DETECTING,0
49.116,1,0.574,0.708,DETECTING,0
49.155,1,0.566,0.747,DETECTING,0
49.195,1,0.576,0.787,DETECTING,0
49.235,1,0.583,0.827,DETECTING,0
49.273,1,0.479,0.865,DETECTING,0
49.317,1,0.595,0.909,DETECTING,0
49.356,1,0.467,0.948,DETECTING,0
49.395,1,0.534,0.987,DETECTING,0
49.435,1,0.523,1.027,DETECTING,0
49.473,1,0.493,1.065,DETECTING,0
49.510,0,0.000,0.000,IDLE,0
49.549,1,0.489,0.000,DETECTING,0
49.588,1,0.552,0.039,DETECTING,0
49.627,1,0.579,0.078,DETECTING,0
49.666,1,0.518,0.118,DETECTING,0
49.706,1,0.569,0.157,DETECTING,0
49.745,1,0.551,0.197,DETECTING,0
49.785,1,0.522,0.236,DETECTING,0
49.825,1,0.540,0.276,DETECTING,0
49.864,1,0.599,0.316,DETECTING,0
49.903,0,0.000,0.000,IDLE,0
49.942,1,0.570,0.000,DETECTING,0
49.981,1,0.533,0.040,DETECTING,0
50.026,1,0.512,0.084,DETECTING,0
50.065,1,0.576,0.123,DETECTING,0
50.104,1,0.517,0.162,DETECTING,0
50.144,1,0.606,0.202,DETECTING,0
50.183,1,0.582,0.241,DETECTING,0
50.222,1,0.455,0.280,DETECTING,0
50.259,0,0.000,0.000,IDLE,0
50.296,0,0.000,0.000,IDLE,0
50.332,0,0.000,0.000,IDLE,0
50.368,0,0.000,0.000,IDLE,0
50.404,0,0.000,0.000,IDLE,0
50.442,0,0.000,0.000,IDLE,0
50.478,0,0.000,0.000,IDLE,0
50.514,0,0.000,0.000,IDLE,0
50.552,1,0.488,0.000,DETECTING,0
50.588,0,0.000,0.000,IDLE,0
50.624,0,0.000,0.000,IDLE,0
50.661,0,0.000,0.000,IDLE,0
50.697,0,0.000,0.000,IDLE,0
50.733,0,0.000,0.000,IDLE,0
50.769,0,0.000,0.000,IDLE,0
50.805,0,0.000,0.000,IDLE,0
50.841,0,0.000,0.000,IDLE,0
50.877,0,0.000,0.000,IDLE,0
50.914,0,0.000,0.000,IDLE,0
50.950,0,0.000,0.000,IDLE,0
50.990,0,0.000,0.000,IDLE,0
51.026,0,0.000,0.000,IDLE,0
51.062,0,0.000,0.000,IDLE,0
51.098,0,0.000,0.000,IDLE,0
51.140,0,0.000,0.000,IDLE,0
51.178,0,0.000,0.000,IDLE,0
51.214,0,0.000,0.000,IDLE,0
51.250,0,0.000,0.000,IDLE,0
51.287,0,0.000,0.000,IDLE,0
51.323,0,0.000,0.000,IDLE,0
51.359,0,0.000,0.000,IDLE,0
51.395,0,0.000,0.000,IDLE,0
51.431,0,0.000,0.000,IDLE,0
51.467,0,0.000,0.000,IDLE,0
51.503,0,0.000,0.000,IDLE,0
51.539,0,0.000,0.000,IDLE,0
51.575,0,0.000,0.000,IDLE,0
51.611,0,0.000,0.000,IDLE,0
51.648,0,0.000,0.000,IDLE,0
51.685,0,0.000,0.000,IDLE,0
51.723,0,0.000,0.000,IDLE,0
51.759,0,0.000,0.000,IDLE,0
51.795,0,0.000,0.000,IDLE,0
51.831,0,0.000,0.000,IDLE,0
51.869,0,0.000,0.000,IDLE,0
51.907,0,0.000,0.000,IDLE,0
51.944,0,0.000,0.000,IDLE,0
51.983,0,0.000,0.000,IDLE,0
52.022,0,0.000,0.000,IDLE,0
52.058,0,0.000,0.000,IDLE,0
52.094,0,0.000,0.000,IDLE,0
52.130,0,0.000,0.000,IDLE,0
52.166,0,0.000,0.000,IDLE,0
52.203,0,0.000,0.000,IDLE,0
52.245,0,0.000,0.000,IDLE,0
52.283,0,0.000,0.000,IDLE,0
52.320,0,0.000,0.000,IDLE,0
52.356,0,0.000,0.000,IDLE,0
52.395,0,0.000,0.000,IDLE,0
52.431,0,0.000,0.000,IDLE,0
52.467,0,0.000,0.000,IDLE,0
52.503,0,0.000,0.000,IDLE,0
52.539,0,0.000,0.000,IDLE,0
52.575,0,0.000,0.000,IDLE,0
52.611,0,0.000,0.000,IDLE,0
52.647,0,0.000,0.000,IDLE,0
52.683,0,0.000,0.000,IDLE,0
52.719,0,0.000,0.000,IDLE,0
52.755,0,0.000,0.000,IDLE,0
52.791,0,0.000,0.000,IDLE,0
52.827,0,0.000,0.000,IDLE,0
52.863,0,0.000,0.000,IDLE,0
52.900,0,0.000,0.000,IDLE,0
52.936,0,0.000,0.000,IDLE,0
52.972,0,0.000,0.000,IDLE,0
53.008,0,0.000,0.000,IDLE,0
53.043,0,0.000,0.000,IDLE,0
53.079,0,0.000,0.000,IDLE,0
53.115,0,0.000,0.000,IDLE,0
53.151,0,0.000,0.000,IDLE,0
53.188,0,0.000,0.000,IDLE,0
53.223,0,0.000,0.000,IDLE,0
53.259,0,0.000,0.000,IDLE,0
53.296,0,0.000,0.000,IDLE,0
53.337,0,0.000,0.000,IDLE,0
53.375,0,0.000,0.000,IDLE,0
53.411,0,0.000,0.000,IDLE,0
53.447,0,0.000,0.000,IDLE,0
53.484,0,0.000,0.000,IDLE,0
53.520,0,0.000,0.000,IDLE,0
53.556,0,0.000,0.000,IDLE,0
53.592,0,0.000,0.000,IDLE,0
53.628,0,0.000,0.000,IDLE,0
53.664,0,0.000,0.000,IDLE,0
53.700,0,0.000,0.000,IDLE,0
53.736,0,0.000,0.000,IDLE,0
53.771,0,0.000,0.000,IDLE,0
53.807,0,0.000,0.000,IDLE,0
53.843,0,0.000,0.000,IDLE,0
53.880,0,0.000,0.000,IDLE,0
53.916,0,0.000,0.000,IDLE,0
53.953,0,0.000,0.000,IDLE,0
53.988,0,0.000,0.000,IDLE,0
54.024,0,0.000,0.000,IDLE,0
54.060,0,0.000,0.000,IDLE,0
54.096,0,0.000,0.000,IDLE,0
54.132,0,0.000,0.000,IDLE,0
54.168,0,0.000,0.000,IDLE,0
54.204,0,0.000,0.000,IDLE,0
54.240,0,0.000,0.000,IDLE,0
54.276,0,0.000,0.000,IDLE,0
54.313,0,0.000,0.000,IDLE,0
54.349,0,0.000,0.000,IDLE,0
54.385,0,0.000,0.000,IDLE,0
54.426,0,0.000,0.000,IDLE,0
54.463,0,0.000,0.000,IDLE,0
54.499,0,0.000,0.000,IDLE,0
54.535,0,0.000,0.000,IDLE,0
54.571,0,0.000,0.000,IDLE,0
54.607,0,0.000,0.000,IDLE,0
54.643,0,0.000,0.000,IDLE,0
54.679,0,0.000,0.000,IDLE,0
54.715,0,0.000,0.000,IDLE,0
54.751,0,0.000,0.000,IDLE,0
54.787,0,0.000,0.000,IDLE,0
54.823,0,0.000,0.000,IDLE,0
54.859,0,0.000,0.000,IDLE,0
54.895,0,0.000,0.000,IDLE,0
54.931,0,0.000,0.000,IDLE,0
54.968,0,0.000,0.000,IDLE,0
55.004,0,0.000,0.000,IDLE,0
55.040,0,0.000,0.000,IDLE,0
55.076,0,0.000,0.000,IDLE,0
55.112,0,0.000,0.000,IDLE,0
55.149,0,0.000,0.000,IDLE,0
55.185,0,0.000,0.000,IDLE,0
55.221,0,0.000,0.000,IDLE,0
55.257,0,0.000,0.000,IDLE,0
55.293,0,0.000,0.000,IDLE,0
55.329,0,0.000,0.000,IDLE,0
55.365,0,0.000,0.000,IDLE,0
55.401,0,0.000,0.000,IDLE,0
55.439,0,0.000,0.000,IDLE,0
55.476,0,0.000,0.000,IDLE,0
55.517,0,0.000,0.000,IDLE,0
55.554,0,0.000,0.000,IDLE,0
55.590,0,0.000,0.000,IDLE,0
55.627,0,0.000,0.000,IDLE,0
55.663,0,0.000,0.000,IDLE,0
55.699,0,0.000,0.000,IDLE,0
55.735,0,0.000,0.000,IDLE,0
55.771,0,0.000,0.000,IDLE,0
55.808,0,0.000,0.000,IDLE,0
55.844,0,0.000,0.000,IDLE,0
55.880,0,0.000,0.000,IDLE,0
55.917,0,0.000,0.000,IDLE,0
55.954,0,0.000,0.000,IDLE,0
55.993,0,0.000,0.000,IDLE,0
56.030,0,0.000,0.000,IDLE,0
56.068,0,0.000,0.000,IDLE,0
56.105,0,0.000,0.000,IDLE,0
56.142,0,0.000,0.000,IDLE,0
56.178,0,0.000,0.000,IDLE,0
56.214,0,0.000,0.000,IDLE,0
56.250,0,0.000,0.000,IDLE,0
56.287,0,0.000,0.000,IDLE,0
56.323,0,0.000,0.000,IDLE,0
56.359,0,0.000,0.000,IDLE,0
56.398,1,0.497,0.000,DETECTING,0
56.437,1,0.508,0.039,DETECTING,0
56.474,0,0.000,0.000,IDLE,0
56.512,1,0.627,0.000,DETECTING,0
56.549,0,0.000,0.000,IDLE,0
56.585,0,0.000,0.000,IDLE,0
56.626,0,0.000,0.000,IDLE,0
56.662,0,0.000,0.000,IDLE,0
56.698,0,0.000,0.000,IDLE,0
56.735,0,0.000,0.000,IDLE,0
56.771,0,0.000,0.000,IDLE,0
56.807,0,0.000,0.000,IDLE,0
56.845,1,0.475,0.000,DETECTING,0
56.884,1,0.500,0.039,DETECTING,0
56.921,0,0.000,0.000,IDLE,0
56.957,0,0.000,0.000,IDLE,0
56.994,0,0.000,0.000,IDLE,0
57.031,0,0.000,0.000,IDLE,0
57.067,0,0.000,0.000,IDLE,0
57.103,0,0.000,0.000,IDLE,0
57.139,0,0.000,0.000,IDLE,0
57.176,0,0.000,0.000,IDLE,0
57.212,0,0.000,0.000,IDLE,0
57.248,0,0.000,0.000,IDLE,0
57.285,0,0.000,0.000,IDLE,0
57.321,0,0.000,0.000,IDLE,0
57.357,0,0.000,0.000,IDLE,0
57.393,0,0.000,0.000,IDLE,0
57.429,0,0.000,0.000,IDLE,0
57.465,0,0.000,0.000,IDLE,0
57.500,0,0.000,0.000,IDLE,0
57.537,0,0.000,0.000,IDLE,0
57.575,1,0.569,0.000,DETECTING,0
57.613,1,0.681,0.039,DETECTING,0
57.652,1,0.620,0.078,DETECTING,0
57.691,1,0.642,0.116,DETECTING,0
57.735,1,0.566,0.161,DETECTING,0
57.772,0,0.000,0.000,IDLE,0
57.810,1,0.483,0.000,DETECTING,0
57.847,0,0.000,0.000,IDLE,0
57.885,1,0.598,0.000,DETECTING,0
57.924,1,0.772,0.039,DETECTING,0
57.962,1,0.703,0.077,DETECTING,0
58.001,1,0.746,0.116,DETECTING,0
58.040,1,0.681,0.155,DETECTING,0
58.079,1,0.656,0.194,DETECTING,0
58.118,1,0.729,0.233,DETECTING,0
58.156,1,0.747,0.271,DETECTING,0
58.195,1,0.662,0.310,DETECTING,0
58.233,1,0.590,0.349,DETECTING,0
58.272,1,0.752,0.388,DETECTING,0
58.311,1,0.686,0.426,DETECTING,0
58.350,1,0.683,0.465,DETECTING,0
58.388,1,0.695,0.504,DETECTING,0
58.427,1,0.679,0.542,DETECTING,0
58.466,1,0.598,0.581,DETECTING,0
58.507,1,0.609,0.622,DETECTING,0
58.550,1,0.648,0.665,DETECTING,0
58.591,1,0.740,0.706,DETECTING,0
58.630,1,0.658,0.745,DETECTING,0
58.669,1,0.507,0.784,DETECTING,0
58.708,1,0.799,0.823,DETECTING,0
58.747,1,0.552,0.862,DETECTING,0
58.787,1,0.812,0.902,DETECTING,0
58.826,1,0.562,0.941,DETECTING,0
58.865,1,0.872,0.980,DETECTING,0
58.909,1,0.600,1.024,DETECTING,0
58.948,1,0.722,1.063,DETECTING,0
58.986,1,0.634,1.102,DETECTING,0
59.025,1,0.614,1.141,DETECTING,0
59.064,1,0.464,1.180,DETECTING,0
59.104,1,0.479,1.219,DETECTING,0
59.143,1,0.593,1.258,DETECTING,0
59.181,1,0.642,1.297,DETECTING,0
59.218,0,0.000,0.000,IDLE,0
59.256,1,0.557,0.000,DETECTING,0
59.296,1,0.740,0.040,DETECTING,0
59.335,1,0.738,0.078,DETECTING,0
59.373,1,0.635,0.117,DETECTING,0
59.412,1,0.553,0.156,DETECTING,0
59.451,1,0.527,0.195,DETECTING,0
59.490,1,0.665,0.233,DETECTING,0
59.529,1,0.585,0.273,DETECTING,0
59.567,1,0.772,0.311,DETECTING,0
59.606,1,0.527,0.350,DETECTING,0
59.643,0,0.000,0.000,IDLE,0
59.681,1,0.502,0.000,DETECTING,0
59.720,1,0.660,0.039,DETECTING,0
59.759,1,0.656,0.078,DETECTING,0
59.798,1,0.564,0.117,DETECTING,0
59.837,1,0.467,0.156,DETECTING,0
59.874,0,0.000,0.000,IDLE,0
59.912,1,0.671,0.000,DETECTING,0
59.951,1,0.499,0.039,DETECTING,0
59.990,1,0.686,0.078,DETECTING,0
60.029,1,0.504,0.117,DETECTING,0
60.074,1,0.521,0.162,DETECTING,0
60.113,1,0.556,0.201,DETECTING,0
60.152,1,0.535,0.240,DETECTING,0
60.191,1,0.608,0.279,DETECTING,0
60.230,1,0.592,0.318,DETECTING,0
60.269,1,0.594,0.357,DETECTING,0
60.308,1,0.732,0.395,DETECTING,0
60.347,1,0.550,0.434,DETECTING,0
60.385,1,0.718,0.473,DETECTING,0
60.424,1,0.684,0.512,DETECTING,0
60.463,1,0.607,0.550,DETECTING,0
60.501,1,0.707,0.589,DETECTING,0
60.541,1,0.804,0.628,DETECTING,0
60.579,1,0.707,0.667,DETECTING,0
60.618,1,0.640,0.706,DETECTING,0
60.657,1,0.629,0.744,DETECTING,0
60.696,1,0.488,0.783,DETECTING,0
60.736,1,0.695,0.823,DETECTING,0
60.774,1,0.528,0.862,DETECTING,0
60.814,1,0.738,0.901,DETECTING,0
60.854,1,0.593,0.941,DETECTING,0
60.895,1,0.594,0.983,DETECTING,0
60.935,1,0.693,1.023,DETECTING,0
60.976,1,0.715,1.064,DETECTING,0
61.016,1,0.541,1.104,DETECTING,0
61.056,1,0.605,1.144,DETECTING,0
61.095,1,0.617,1.182,DETECTING,0
61.135,1,0.597,1.223,DETECTING,0
61.175,1,0.650,1.263,DETECTING,0
61.214,1,0.748,1.302,DETECTING,0
61.258,1,0.698,1.346,DETECTING,0
61.298,1,0.775,1.385,DETECTING,0
61.337,1,0.721,1.425,DETECTING,0
61.376,1,0.747,1.464,DETECTING,0
61.415,1,0.709,1.503,DETECTING,0
61.454,1,0.722,1.542,DETECTING,0
61.493,1,0.757,1.581,DETECTING,0
61.532,1,0.678,1.620,DETECTING,0
61.572,1,0.624,1.659,DETECTING,0
61.611,1,0.705,1.698,DETECTING,0
61.650,1,0.618,1.738,DETECTING,0
61.689,1,0.563,1.777,DETECTING,0
61.728,1,0.693,1.816,DETECTING,0
61.767,1,0.708,1.855,DETECTING,0
61.808,1,0.714,1.896,DETECTING,0
61.849,1,0.639,1.936,DETECTING,0
61.888,1,0.813,1.976,DETECTING,0
61.936,1,0.805,2.023,TRIGGERED,1
61.980,1,0.658,0.000,DETECTING,0
62.020,1,0.676,0.040,DETECTING,0
62.059,1,0.730,0.079,DETECTING,0
62.099,1,0.701,0.119,DETECTING,0
62.140,1,0.744,0.159,DETECTING,0
62.180,1,0.751,0.200,DETECTING,0
62.219,1,0.520,0.239,DETECTING,0
62.258,1,0.749,0.277,DETECTING,0
62.295,0,0.000,0.000,COOLDOWN,0
62.333,1,0.450,0.000,DETECTING,0
62.372,1,0.700,0.039,DETECTING,0
62.411,1,0.614,0.078,DETECTING,0
62.455,1,0.668,0.122,DETECTING,0
62.494,1,0.661,0.161,DETECTING,0
62.533,1,0.618,0.200,DETECTING,0
62.573,1,0.703,0.240,DETECTING,0
62.613,1,0.627,0.280,DETECTING,0
62.652,1,0.730,0.319,DETECTING,0
62.693,1,0.756,0.360,DETECTING,0
62.731,1,0.537,0.398,DETECTING,0
62.768,0,0.000,0.000,COOLDOWN,0
62.807,1,0.618,0.000,DETECTING,0
62.846,1,0.522,0.039,DETECTING,0
62.885,1,0.503,0.079,DETECTING,0
62.924,1,0.513,0.118,DETECTING,0
62.963,1,0.568,0.157,DETECTING,0
63.000,0,0.000,0.000,COOLDOWN,0
63.037,0,0.000,0.000,COOLDOWN,0
63.076,1,0.518,0.000,DETECTING,0
63.113,0,0.000,0.000,COOLDOWN,0
63.149,0,0.000,0.000,COOLDOWN,0
63.188,1,0.541,0.000,DETECTING,0
63.224,0,0.000,0.000,COOLDOWN,0
63.263,1,0.579,0.000,DETECTING,0
63.302,1,0.515,0.039,DETECTING,0
63.343,1,0.533,0.080,DETECTING,0
63.382,1,0.469,0.119,DETECTING,0
63.420,1,0.621,0.157,DETECTING,0
63.459,1,0.488,0.196,DETECTING,0
63.498,1,0.610,0.235,DETECTING,0
63.537,1,0.472,0.274,DETECTING,0
63.574,0,0.000,0.000,COOLDOWN,0
63.616,0,0.000,0.000,COOLDOWN,0
63.654,1,0.673,0.000,DETECTING,0
63.694,1,0.566,0.040,DETECTING,0
63.733,1,0.575,0.079,DETECTING,0
63.773,1,0.639,0.119,DETECTING,0
63.812,1,0.493,0.158,DETECTING,0
63.848,0,0.000,0.000,COOLDOWN,0
63.885,0,0.000,0.000,COOLDOWN,0
63.921,0,0.000,0.000,COOLDOWN,0
63.962,1,0.661,0.000,DETECTING,0
64.003,1,0.714,0.041,DETECTING,0
64.042,1,0.596,0.080,DETECTING,0
64.080,1,0.523,0.119,DETECTING,0
64.119,1,0.554,0.158,DETECTING,0
64.156,0,0.000,0.000,COOLDOWN,0
64.195,1,0.530,0.000,DETECTING,0
64.231,0,0.000,0.000,COOLDOWN,0
64.269,1,0.663,0.000,DETECTING,0
64.309,1,0.546,0.040,DETECTING,0
64.349,1,0.662,0.080,DETECTING,0
64.389,1,0.684,0.120,DETECTING,0
64.428,1,0.468,0.159,DETECTING,0
64.468,1,0.516,0.198,DETECTING,0
64.509,1,0.689,0.240,DETECTING,0
64.549,1,0.573,0.280,DETECTING,0
64.588,1,0.656,0.319,DETECTING,0
64.628,1,0.720,0.359,DETECTING,0
64.669,1,0.494,0.400,DETECTING,0
64.708,1,0.674,0.439,DETECTING,0
64.748,1,0.590,0.479,DETECTING,0
64.793,1,0.570,0.524,DETECTING,0
64.832,1,0.667,0.563,DETECTING,0
64.872,1,0.620,0.603,DETECTING,0
64.912,1,0.675,0.642,DETECTING,0
64.951,1,0.641,0.681,DETECTING,0
64.990,1,0.586,0.721,DETECTING,0
65.029,1,0.681,0.760,DETECTING,0
65.069,1,0.689,0.800,DETECTING,0
65.109,1,0.800,0.840,DETECTING,0
65.148,1,0.624,0.879,DETECTING,0
65.187,1,0.623,0.918,DETECTING,0
65.227,1,0.646,0.958,DETECTING,0
65.266,1,0.554,0.997,DETECTING,0
65.305,0,0.000,0.000,COOLDOWN,0
65.342,0,0.000,0.000,COOLDOWN,0
65.379,0,0.000,0.000,COOLDOWN,0
65.415,0,0.000,0.000,COOLDOWN,0
65.451,0,0.000,0.000,COOLDOWN,0
65.488,0,0.000,0.000,COOLDOWN,0
65.525,0,0.000,0.000,COOLDOWN,0
65.561,0,0.000,0.000,COOLDOWN,0
65.597,0,0.000,0.000,COOLDOWN,0
65.634,0,0.000,0.000,COOLDOWN,0
65.670,0,0.000,0.000,COOLDOWN,0
65.706,0,0.000,0.000,COOLDOWN,0
65.742,0,0.000,0.000,COOLDOWN,0
65.778,0,0.000,0.000,COOLDOWN,0
65.815,0,0.000,0.000,COOLDOWN,0
65.851,0,0.000,0.000,COOLDOWN,0
65.888,0,0.000,0.000,COOLDOWN,0
65.931,0,0.000,0.000,COOLDOWN,0
65.968,0,0.000,0.000,COOLDOWN,0
66.004,0,0.000,0.000,COOLDOWN,0
66.040,0,0.000,0.000,COOLDOWN,0
66.076,0,0.000,0.000,COOLDOWN,0
66.112,0,0.000,0.000,COOLDOWN,0
66.148,0,0.000,0.000,COOLDOWN,0
66.185,0,0.000,0.000,COOLDOWN,0
66.221,0,0.000,0.000,COOLDOWN,0
66.258,0,0.000,0.000,COOLDOWN,0
66.294,0,0.000,0.000,COOLDOWN,0
66.331,0,0.000,0.000,COOLDOWN,0
66.369,1,0.734,0.000,DETECTING,0
66.406,0,0.000,0.000,COOLDOWN,0
66.445,1,0.771,0.000,DETECTING,0
66.482,0,0.000,0.000,COOLDOWN,0
66.518,0,0.000,0.000,COOLDOWN,0
66.555,0,0.000,0.000,COOLDOWN,0
66.593,0,0.000,0.000,COOLDOWN,0
66.632,1,0.553,0.000,DETECTING,0
66.671,1,0.563,0.039,DETECTING,0
66.708,0,0.000,0.000,COOLDOWN,0
66.745,0,0.000,0.000,COOLDOWN,0
66.781,0,0.000,0.000,COOLDOWN,0
66.817,0,0.000,0.000,COOLDOWN,0
66.853,0,0.000,0.000,COOLDOWN,0
66.889,0,0.000,0.000,COOLDOWN,0
66.925,0,0.000,0.000,COOLDOWN,0
66.963,0,0.000,0.000,IDLE,0
67.002,0,0.000,0.000,IDLE,0
67.044,0,0.000,0.000,IDLE,0
67.080,0,0.000,0.000,IDLE,0
67.116,0,0.000,0.000,IDLE,0
67.152,0,0.000,0.000,IDLE,0
67.188,0,0.000,0.000,IDLE,0
67.224,0,0.000,0.000,IDLE,0
67.260,0,0.000,0.000,IDLE,0
67.298,0,0.000,0.000,IDLE,0
67.334,0,0.000,0.000,IDLE,0
67.370,0,0.000,0.000,IDLE,0
67.408,1,0.499,0.000,DETECTING,0
67.444,0,0.000,0.000,IDLE,0
67.481,0,0.000,0.000,IDLE,0
67.518,1,0.466,0.000,DETECTING,0
67.555,0,0.000,0.000,IDLE,0
67.591,0,0.000,0.000,IDLE,0
67.629,0,0.000,0.000,IDLE,0
67.667,1,0.483,0.000,DETECTING,0
67.706,1,0.552,0.039,DETECTING,0
67.745,1,0.461,0.078,DETECTING,0
67.782,0,0.000,0.000,IDLE,0
67.818,0,0.000,0.000,IDLE,0
67.854,0,0.000,0.000,IDLE,0
67.890,0,0.000,0.000,IDLE,0
67.928,0,0.000,0.000,IDLE,0
67.963,0,0.000,0.000,IDLE,0
68.001,0,0.000,0.000,IDLE,0
68.039,0,0.000,0.000,IDLE,0
68.075,0,0.000,0.000,IDLE,0
68.110,0,0.000,0.000,IDLE,0
68.152,0,0.000,0.000,IDLE,0
68.188,0,0.000,0.000,IDLE,0
68.224,0,0.000,0.000,IDLE,0
68.262,1,0.459,0.000,DETECTING,0
68.299,0,0.000,0.000,IDLE,0
68.337,1,0.539,0.000,DETECTING,0
68.376,1,0.646,0.038,DETECTING,0
68.414,1,0.664,0.077,DETECTING,0
68.454,1,0.788,0.116,DETECTING,0
68.492,1,0.685,0.155,DETECTING,0
68.531,1,0.685,0.194,DETECTING,0
68.572,1,0.622,0.235,DETECTING,0
68.612,1,0.757,0.274,DETECTING,0
68.650,1,0.600,0.313,DETECTING,0
68.689,1,0.596,0.352,DETECTING,0
68.728,1,0.725,0.391,DETECTING,0
68.767,1,0.662,0.429,DETECTING,0
68.805,1,0.623,0.468,DETECTING,0
68.841,0,0.000,0.000,IDLE,0
68.880,1,0.478,0.000,DETECTING,0
68.916,0,0.000,0.000,IDLE,0
68.954,1,0.578,0.000,DETECTING,0
68.993,0,0.000,0.000,IDLE,0
69.031,1,0.744,0.000,DETECTING,0
69.067,0,0.000,0.000,IDLE,0
69.105,1,0.573,0.000,DETECTING,0
69.142,0,0.000,0.000,IDLE,0
69.178,0,0.000,0.000,IDLE,0
69.216,1,0.644,0.000,DETECTING,0
69.255,1,0.651,0.039,DETECTING,0
69.297,0,0.000,0.000,IDLE,0
69.337,1,0.760,0.000,DETECTING,0
69.376,1,0.573,0.039,DETECTING,0
69.415,1,0.678,0.078,DETECTING,0
69.454,1,0.525,0.117,DETECTING,0
69.492,1,0.522,0.155,DETECTING,0
69.531,1,0.596,0.194,DETECTING,0
69.570,1,0.663,0.233,DETECTING,0
69.607,0,0.000,0.000,IDLE,0
69.645,1,0.568,0.000,DETECTING,0
69.681,0,0.000,0.000,IDLE,0
69.720,1,0.574,0.000,DETECTING,0
69.756,0,0.000,0.000,IDLE,0
69.795,0,0.000,0.000,IDLE,0
69.833,1,0.701,0.000,DETECTING,0
69.878,1,0.791,0.045,DETECTING,0
69.916,0,0.000,0.000,IDLE,0
69.952,0,0.000,0.000,IDLE,0
69.989,0,0.000,0.000,IDLE,0
70.025,0,0.000,0.000,IDLE,0
70.061,0,0.000,0.000,IDLE,0
70.098,0,0.000,0.000,IDLE,0
70.134,0,0.000,0.000,IDLE,0
70.170,0,0.000,0.000,IDLE,0
70.206,0,0.000,0.000,IDLE,0
70.242,0,0.000,0.000,IDLE,0
70.279,0,0.000,0.000,IDLE,0
70.316,0,0.000,0.000,IDLE,0
70.352,0,0.000,0.000,IDLE,0
70.388,0,0.000,0.000,IDLE,0
70.429,0,0.000,0.000,IDLE,0
70.465,0,0.000,0.000,IDLE,0
70.501,0,0.000,0.000,IDLE,0
70.537,0,0.000,0.000,IDLE,0
70.573,0,0.000,0.000,IDLE,0
70.609,0,0.000,0.000,IDLE,0
70.645,0,0.000,0.000,IDLE,0
70.681,0,0.000,0.000,IDLE,0
70.717,0,0.000,0.000,IDLE,0
70.753,0,0.000,0.000,IDLE,0
70.789,0,0.000,0.000,IDLE,0
70.825,0,0.000,0.000,IDLE,0
70.861,0,0.000,0.000,IDLE,0
70.899,0,0.000,0.000,IDLE,0
70.935,0,0.000,0.000,IDLE,0
70.972,0,0.000,0.000,IDLE,0
71.010,0,0.000,0.000,IDLE,0
71.046,0,0.000,0.000,IDLE,0
71.085,0,0.000,0.000,IDLE,0
71.121,0,0.000,0.000,IDLE,0
71.157,0,0.000,0.000,IDLE,0
71.193,0,0.000,0.000,IDLE,0
71.229,0,0.000,0.000,IDLE,0
71.265,0,0.000,0.000,IDLE,0
71.301,0,0.000,0.000,IDLE,0
71.337,0,0.000,0.000,IDLE,0
71.373,0,0.000,0.000,IDLE,0
71.409,0,0.000,0.000,IDLE,0
71.446,0,0.000,0.000,IDLE,0
71.482,0,0.000,0.000,IDLE,0
71.523,0,0.000,0.000,IDLE,0
71.559,0,0.000,0.000,IDLE,0
71.595,0,0.000,0.000,IDLE,0
71.631,0,0.000,0.000,IDLE,0
71.667,0,0.000,0.000,IDLE,0
71.704,0,0.000,0.000,IDLE,0
71.740,0,0.000,0.000,IDLE,0
71.776,0,0.000,0.000,IDLE,0
71.812,0,0.000,0.000,IDLE,0
71.848,0,0.000,0.000,IDLE,0
71.884,0,0.000,0.000,IDLE,0
71.920,0,0.000,0.000,IDLE,0
71.956,0,0.000,0.000,IDLE,0
71.993,0,0.000,0.000,IDLE,0
72.030,0,0.000,0.000,IDLE,0
72.067,0,0.000,0.000,IDLE,0
72.104,0,0.000,0.000,IDLE,0
72.140,0,0.000,0.000,IDLE,0
72.176,0,0.000,0.000,IDLE,0
72.212,0,0.000,0.000,IDLE,0
72.248,0,0.000,0.000,IDLE,0
72.285,0,0.000,0.000,IDLE,0
72.321,0,0.000,0.000,IDLE,0
72.357,0,0.000,0.000,IDLE,0
72.393,0,0.000,0.000,IDLE,0
72.429,0,0.000,0.000,IDLE,0
72.465,0,0.000,0.000,IDLE,0
72.501,0,0.000,0.000,IDLE,0
72.539,0,0.000,0.000,IDLE,0
72.575,0,0.000,0.000,IDLE,0
72.616,0,0.000,0.000,IDLE,0
72.652,0,0.000,0.000,IDLE,0
72.689,0,0.000,0.000,IDLE,0
72.725,0,0.000,0.000,IDLE,0
72.760,0,0.000,0.000,IDLE,0
72.796,0,0.000,0.000,IDLE,0
72.832,0,0.000,0.000,IDLE,0
72.868,0,0.000,0.000,IDLE,0
72.905,0,0.000,0.000,IDLE,0
72.941,0,0.000,0.000,IDLE,0
72.977,0,0.000,0.000,IDLE,0
73.013,0,0.000,0.000,IDLE,0
73.049,0,0.000,0.000,IDLE,0
73.085,0,0.000,0.000,IDLE,0
73.122,0,0.000,0.000,IDLE,0
73.158,0,0.000,0.000,IDLE,0
73.194,0,0.000,0.000,IDLE,0
73.230,0,0.000,0.000,IDLE,0
73.266,0,0.000,0.000,IDLE,0
73.303,0,0.000,0.000,IDLE,0
73.339,0,0.000,0.000,IDLE,0
73.374,0,0.000,0.000,IDLE,0
73.410,0,0.000,0.000,IDLE,0
73.446,0,0.000,0.000,IDLE,0
73.482,0,0.000,0.000,IDLE,0
73.518,0,0.000,0.000,IDLE,0
73.554,0,0.000,0.000,IDLE,0
73.590,0,0.000,0.000,IDLE,0
73.627,0,0.000,0.000,IDLE,0
73.664,0,0.000,0.000,IDLE,0
73.706,0,0.000,0.000,IDLE,0
73.742,0,0.000,0.000,IDLE,0
73.778,0,0.000,0.000,IDLE,0
73.814,0,0.000,0.000,IDLE,0
73.850,0,0.000,0.000,IDLE,0
73.886,0,0.000,0.000,IDLE,0
73.922,0,0.000,0.000,IDLE,0
73.958,0,0.000,0.000,IDLE,0
73.994,0,0.000,0.000,IDLE,0
74.030,0,0.000,0.000,IDLE,0
74.066,0,0.000,0.000,IDLE,0
74.102,0,0.000,0.000,IDLE,0
74.138,0,0.000,0.000,IDLE,0
74.174,0,0.000,0.000,IDLE,0
74.210,0,0.000,0.000,IDLE,0
74.246,0,0.000,0.000,IDLE,0
74.283,0,0.000,0.000,IDLE,0
74.319,0,0.000,0.000,IDLE,0
74.355,0,0.000,0.000,IDLE,0
74.391,0,0.000,0.000,IDLE,0
74.427,0,0.000,0.000,IDLE,0
74.463,0,0.000,0.000,IDLE,0
74.500,0,0.000,0.000,IDLE,0
74.536,0,0.000,0.000,IDLE,0
74.572,0,0.000,0.000,IDLE,0
74.608,0,0.000,0.000,IDLE,0
74.644,0,0.000,0.000,IDLE,0
74.680,0,0.000,0.000,IDLE,0
74.716,0,0.000,0.000,IDLE,0
74.753,0,0.000,0.000,IDLE,0
74.797,0,0.000,0.000,IDLE,0
74.833,0,0.000,0.000,IDLE,0
74.869,0,0.000,0.000,IDLE,0
74.905,0,0.000,0.000,IDLE,0
74.941,0,0.000,0.000,IDLE,0
74.977,0,0.000,0.000,IDLE,0
75.013,0,0.000,0.000,IDLE,0
75.050,0,0.000,0.000,IDLE,0
75.086,0,0.000,0.000,IDLE,0
75.122,0,0.000,0.000,IDLE,0
75.158,0,0.000,0.000,IDLE,0
75.194,0,0.000,0.000,IDLE,0
75.230,0,0.000,0.000,IDLE,0
75.266,0,0.000,0.000,IDLE,0
75.302,0,0.000,0.000,IDLE,0
75.338,0,0.000,0.000,IDLE,0
75.374,0,0.000,0.000,IDLE,0
75.410,0,0.000,0.000,IDLE,0
75.446,0,0.000,0.000,IDLE,0
75.483,0,0.000,0.000,IDLE,0
75.518,0,0.000,0.000,IDLE,0
75.554,0,0.000,0.000,IDLE,0
75.590,0,0.000,0.000,IDLE,0
75.626,0,0.000,0.000,IDLE,0
75.662,0,0.000,0.000,IDLE,0
75.698,0,0.000,0.000,IDLE,0
75.734,0,0.000,0.000,IDLE,0
75.772,0,0.000,0.000,IDLE,0
75.808,0,0.000,0.000,IDLE,0
75.844,0,0.000,0.000,IDLE,0
75.887,0,0.000,0.000,IDLE,0
75.924,0,0.000,0.000,IDLE,0
75.961,0,0.000,0.000,IDLE,0
75.997,0,0.000,0.000,IDLE,0
76.033,0,0.000,0.000,IDLE,0
76.069,0,0.000,0.000,IDLE,0
76.106,0,0.000,0.000,IDLE,0
76.142,0,0.000,0.000,IDLE,0
76.178,0,0.000,0.000,IDLE,0
76.214,0,0.000,0.000,IDLE,0
76.250,0,0.000,0.000,IDLE,0
76.286,0,0.000,0.000,IDLE,0
76.322,0,0.000,0.000,IDLE,0
76.358,0,0.000,0.000,IDLE,0
76.394,0,0.000,0.000,IDLE,0
76.431,0,0.000,0.000,IDLE,0
76.466,0,0.000,0.000,IDLE,0
76.502,0,0.000,0.000,IDLE,0
76.538,0,0.000,0.000,IDLE,0
76.574,0,0.000,0.000,IDLE,0
76.610,0,0.000,0.000,IDLE,0
76.646,0,0.000,0.000,IDLE,0
76.682,0,0.000,0.000,IDLE,0
76.718,0,0.000,0.000,IDLE,0
76.754,0,0.000,0.000,IDLE,0
76.790,0,0.000,0.000,IDLE,0
76.826,0,0.000,0.000,IDLE,0
76.862,0,0.000,0.000,IDLE,0
76.898,0,0.000,0.000,IDLE,0
76.938,0,0.000,0.000,IDLE,0
76.979,0,0.000,0.000,IDLE,0
77.017,0,0.000,0.000,IDLE,0
77.053,0,0.000,0.000,IDLE,0
77.089,0,0.000,0.000,IDLE,0
77.125,0,0.000,0.000,IDLE,0
77.161,0,0.000,0.000,IDLE,0
77.197,0,0.000,0.000,IDLE,0
77.233,0,0.000,0.000,IDLE,0
77.269,0,0.000,0.000,IDLE,0
77.305,0,0.000,0.000,IDLE,0
77.341,0,0.000,0.000,IDLE,0
77.377,0,0.000,0.000,IDLE,0
77.413,0,0.000,0.000,IDLE,0
77.449,0,0.000,0.000,IDLE,0
77.485,0,0.000,0.000,IDLE,0
77.522,0,0.000,0.000,IDLE,0
77.558,0,0.000,0.000,IDLE,0
77.594,0,0.000,0.000,IDLE,0
77.630,0,0.000,0.000,IDLE,0
77.666,0,0.000,0.000,IDLE,0
77.702,0,0.000,0.000,IDLE,0
77.738,0,0.000,0.000,IDLE,0
77.774,0,0.000,0.000,IDLE,0
77.809,0,0.000,0.000,IDLE,0
77.846,0,0.000,0.000,IDLE,0
77.882,0,0.000,0.000,IDLE,0
77.918,0,0.000,0.000,IDLE,0
77.954,0,0.000,0.000,IDLE,0
77.990,0,0.000,0.000,IDLE,0
78.026,0,0.000,0.000,IDLE,0
78.068,0,0.000,0.000,IDLE,0
78.105,0,0.000,0.000,IDLE,0
78.141,0,0.000,0.000,IDLE,0
78.177,0,0.000,0.000,IDLE,0
78.213,0,0.000,0.000,IDLE,0
78.249,0,0.000,0.000,IDLE,0
78.286,0,0.000,0.000,IDLE,0
78.322,0,0.000,0.000,IDLE,0
78.358,0,0.000,0.000,IDLE,0
78.394,0,0.000,0.000,IDLE,0
78.430,0,0.000,0.000,IDLE,0
78.466,0,0.000,0.000,IDLE,0
78.503,0,0.000,0.000,IDLE,0
78.539,0,0.000,0.000,IDLE,0
78.577,1,0.504,0.000,DETECTING,0
78.614,0,0.000,0.000,IDLE,0
78.651,0,0.000,0.000,IDLE,0
78.687,0,0.000,0.000,IDLE,0
78.723,0,0.000,0.000,IDLE,0
78.759,0,0.000,0.000,IDLE,0
78.796,0,0.000,0.000,IDLE,0
78.832,0,0.000,0.000,IDLE,0
78.868,0,0.000,0.000,IDLE,0
78.904,0,0.000,0.000,IDLE,0
78.940,0,0.000,0.000,IDLE,0
78.976,0,0.000,0.000,IDLE,0
79.012,0,0.000,0.000,IDLE,0
79.048,0,0.000,0.000,IDLE,0
79.084,0,0.000,0.000,IDLE,0
79.122,0,0.000,0.000,IDLE,0
79.163,0,0.000,0.000,IDLE,0
79.199,0,0.000,0.000,IDLE,0
79.235,0,0.000,0.000,IDLE,0
79.271,0,0.000,0.000,IDLE,0
79.307,0,0.000,0.000,IDLE,0
79.343,0,0.000,0.000,IDLE,0
79.379,0,0.000,0.000,IDLE,0
79.416,0,0.000,0.000,IDLE,0
79.453,0,0.000,0.000,IDLE,0
79.489,0,0.000,0.000,IDLE,0
79.527,0,0.000,0.000,IDLE,0
79.563,0,0.000,0.000,IDLE,0
79.599,0,0.000,0.000,IDLE,0
79.636,0,0.000,0.000,IDLE,0
79.672,0,0.000,0.000,IDLE,0
79.709,0,0.000,0.000,IDLE,0
79.745,0,0.000,0.000,IDLE,0
79.781,0,0.000,0.000,IDLE,0
79.817,0,0.000,0.000,IDLE,0
79.854,0,0.000,0.000,IDLE,0
79.890,0,0.000,0.000,IDLE,0
79.926,0,0.000,0.000,IDLE,0
79.964,1,0.647,0.000,DETECTING,0
80.001,0,0.000,0.000,IDLE,0
80.037,0,0.000,0.000,IDLE,0
80.075,1,0.527,0.000,DETECTING,0
80.112,0,0.000,0.000,IDLE,0
80.148,0,0.000,0.000,IDLE,0
80.184,0,0.000,0.000,IDLE,0
80.222,1,0.480,0.000,DETECTING,0
80.267,1,0.696,0.044,DETECTING,0
80.306,1,0.793,0.083,DETECTING,0
80.345,1,0.860,0.123,DETECTING,0
80.386,1,0.848,0.163,DETECTING,0
80.425,1,0.893,0.203,DETECTING,0
80.465,1,0.911,0.243,DETECTING,0
80.505,1,0.884,0.282,DETECTING,0
80.547,1,0.857,0.325,DETECTING,0
80.587,1,0.605,0.364,DETECTING,0
80.626,1,0.892,0.404,DETECTING,0
80.666,1,0.866,0.443,DETECTING,0
80.705,1,0.850,0.483,DETECTING,0
80.746,1,0.813,0.523,DETECTING,0
80.784,0,0.000,0.000,IDLE,0
80.822,1,0.580,0.000,DETECTING,0
80.861,1,0.519,0.039,DETECTING,0
80.903,1,0.583,0.080,DETECTING,0
80.944,1,0.665,0.122,DETECTING,0
80.986,1,0.819,0.164,DETECTING,0
81.026,1,0.861,0.204,DETECTING,0
81.067,1,0.822,0.244,DETECTING,0
81.107,1,0.832,0.285,DETECTING,0
81.147,1,0.808,0.324,DETECTING,0
81.186,1,0.747,0.364,DETECTING,0
81.226,1,0.539,0.404,DETECTING,0
81.265,1,0.545,0.443,DETECTING,0
81.305,1,0.573,0.482,DETECTING,0
81.344,1,0.729,0.522,DETECTING,0
81.384,1,0.795,0.562,DETECTING,0
81.423,1,0.840,0.601,DETECTING,0
81.468,1,0.863,0.646,DETECTING,0
81.508,1,0.843,0.685,DETECTING,0
81.547,1,0.788,0.725,DETECTING,0
81.587,1,0.593,0.765,DETECTING,0
81.628,1,0.771,0.805,DETECTING,0
81.667,1,0.592,0.845,DETECTING,0
81.706,1,0.654,0.884,DETECTING,0
81.745,1,0.640,0.923,DETECTING,0
81.782,0,0.000,0.000,IDLE,0
81.819,0,0.000,0.000,IDLE,0
81.857,1,0.452,0.000,DETECTING,0
81.896,1,0.477,0.039,DETECTING,0
81.940,0,0.000,0.000,IDLE,0
81.978,1,0.491,0.000,DETECTING,0
82.015,0,0.000,0.000,IDLE,0
82.053,0,0.000,0.000,IDLE,0
82.089,0,0.000,0.000,IDLE,0
82.127,1,0.480,0.000,DETECTING,0
82.165,1,0.514,0.039,DETECTING,0
82.202,0,0.000,0.000,IDLE,0
82.240,1,0.596,0.000,DETECTING,0
82.281,1,0.737,0.040,DETECTING,0
82.321,1,0.826,0.080,DETECTING,0
82.360,1,0.473,0.120,DETECTING,0
82.399,1,0.515,0.159,DETECTING,0
82.439,1,0.548,0.199,DETECTING,0
82.478,1,0.466,0.238,DETECTING,0
82.518,1,0.618,0.277,DETECTING,0
82.557,1,0.581,0.317,DETECTING,0
82.596,1,0.593,0.356,DETECTING,0
82.639,0,0.000,0.000,IDLE,0
82.678,1,0.588,0.000,DETECTING,0
82.716,1,0.559,0.039,DETECTING,0
82.756,1,0.579,0.079,DETECTING,0
82.796,1,0.719,0.118,DETECTING,0
82.836,1,0.708,0.158,DETECTING,0
82.875,1,0.630,0.198,DETECTING,0
82.915,1,0.621,0.237,DETECTING,0
82.954,1,0.678,0.276,DETECTING,0
82.992,1,0.680,0.315,DETECTING,0
83.031,1,0.645,0.354,DETECTING,0
83.070,1,0.675,0.393,DETECTING,0
83.109,1,0.695,0.432,DETECTING,0
83.150,1,0.703,0.472,DETECTING,0
83.189,1,0.673,0.512,DETECTING,0
83.229,1,0.487,0.551,DETECTING,0
83.268,1,0.573,0.591,DETECTING,0
83.307,1,0.521,0.629,DETECTING,0
83.344,0,0.000,0.000,IDLE,0
83.382,1,0.607,0.000,DETECTING,0
83.422,1,0.552,0.040,DETECTING,0
83.461,1,0.575,0.080,DETECTING,0
83.500,1,0.556,0.118,DETECTING,0
83.540,1,0.725,0.158,DETECTING,0
83.579,1,0.626,0.198,DETECTING,0
83.619,1,0.564,0.237,DETECTING,0
83.659,1,0.684,0.277,DETECTING,0
83.698,1,0.529,0.316,DETECTING,0
83.737,1,0.593,0.356,DETECTING,0
83.777,1,0.574,0.395,DETECTING,0
83.822,1,0.607,0.440,DETECTING,0
83.862,1,0.541,0.480,DETECTING,0
83.900,1,0.585,0.519,DETECTING,0
83.940,1,0.599,0.558,DETECTING,0
83.980,1,0.545,0.598,DETECTING,0
84.016,0,0.000,0.000,IDLE,0
84.053,0,0.000,0.000,IDLE,0
84.091,1,0.541,0.000,DETECTING,0
84.127,0,0.000,0.000,IDLE,0
84.164,0,0.000,0.000,IDLE,0
84.203,1,0.726,0.000,DETECTING,0
84.242,1,0.661,0.039,DETECTING,0
84.282,1,0.472,0.079,DETECTING,0
84.322,1,0.489,0.119,DETECTING,0
84.361,1,0.631,0.158,DETECTING,0
84.400,1,0.538,0.197,DETECTING,0
84.441,1,0.472,0.238,DETECTING,0
84.482,1,0.523,0.279,DETECTING,0
84.522,1,0.542,0.319,DETECTING,0
84.559,0,0.000,0.000,IDLE,0
84.596,0,0.000,0.000,IDLE,0
84.635,1,0.558,0.000,DETECTING,0
84.673,0,0.000,0.000,IDLE,0
84.712,1,0.500,0.000,DETECTING,0
84.749,0,0.000,0.000,IDLE,0
84.790,1,0.543,0.000,DETECTING,0
84.829,1,0.597,0.039,DETECTING,0
84.866,0,0.000,0.000,IDLE,0
84.903,0,0.000,0.000,IDLE,0
84.939,0,0.000,0.000,IDLE,0
84.981,0,0.000,0.000,IDLE,0
85.017,0,0.000,0.000,IDLE,0
85.053,0,0.000,0.000,IDLE,0
85.091,1,0.530,0.000,DETECTING,0
85.129,1,0.558,0.039,DETECTING,0
85.168,1,0.665,0.077,DETECTING,0
85.208,1,0.789,0.117,DETECTING,0
85.247,1,0.765,0.156,DETECTING,0
85.287,1,0.586,0.197,DETECTING,0
85.326,1,0.602,0.235,DETECTING,0
85.365,1,0.827,0.275,DETECTING,0
85.404,1,0.827,0.314,DETECTING,0
85.443,1,0.882,0.353,DETECTING,0
85.482,1,0.852,0.391,DETECTING,0
85.522,1,0.898,0.431,DETECTING,0
85.561,1,0.838,0.470,DETECTING,0
85.600,1,0.855,0.509,DETECTING,0
85.639,1,0.854,0.548,DETECTING,0
85.678,1,0.830,0.587,DETECTING,0
85.717,1,0.851,0.626,DETECTING,0
85.757,1,0.880,0.666,DETECTING,0
85.796,1,0.833,0.705,DETECTING,0
85.836,1,0.808,0.745,DETECTING,0
85.874,1,0.804,0.784,DETECTING,0
85.914,1,0.818,0.823,DETECTING,0
85.955,1,0.834,0.864,DETECTING,0
85.995,1,0.817,0.904,DETECTING,0
86.034,1,0.813,0.944,DETECTING,0
86.073,1,0.852,0.982,DETECTING,0
86.112,1,0.848,1.021,DETECTING,0
86.156,1,0.830,1.065,DETECTING,0
86.195,1,0.814,1.104,DETECTING,0
86.234,1,0.815,1.143,DETECTING,0
86.273,1,0.822,1.183,DETECTING,0
86.312,1,0.838,1.221,DETECTING,0
86.351,1,0.827,1.260,DETECTING,0
86.390,1,0.803,1.299,DETECTING,0
86.428,1,0.804,1.338,DETECTING,0
86.467,1,0.776,1.376,DETECTING,0
86.506,1,0.809,1.415,DETECTING,0
86.544,1,0.815,1.454,DETECTING,0
86.583,1,0.786,1.492,DETECTING,0
86.622,1,0.800,1.531,DETECTING,0
86.661,1,0.816,1.570,DETECTING,0
86.700,1,0.825,1.609,DETECTING,0
86.739,1,0.790,1.648,DETECTING,0
86.777,1,0.794,1.686,DETECTING,0
86.816,1,0.792,1.726,DETECTING,0
86.855,1,0.812,1.764,DETECTING,0
86.894,1,0.814,1.803,DETECTING,0
86.933,1,0.808,1.842,DETECTING,0
86.972,1,0.801,1.881,DETECTING,0
87.012,1,0.799,1.921,DETECTING,0
87.051,1,0.771,1.960,DETECTING,0
87.090,1,0.802,1.999,DETECTING,0
87.130,1,0.797,2.039,TRIGGERED,1
87.175,1,0.779,0.000,DETECTING,0
87.214,1,0.820,0.040,DETECTING,0
87.253,1,0.823,0.078,DETECTING,0
87.292,1,0.799,0.118,DETECTING,0
87.337,1,0.804,0.162,DETECTING,0
87.376,1,0.786,0.201,DETECTING,0
87.415,1,0.809,0.240,DETECTING,0
87.455,1,0.769,0.280,DETECTING,0
87.494,1,0.758,0.319,DETECTING,0
87.532,1,0.785,0.358,DETECTING,0
87.571,1,0.782,0.396,DETECTING,0
87.610,1,0.811,0.436,DETECTING,0
87.649,1,0.811,0.475,DETECTING,0
87.688,1,0.817,0.513,DETECTING,0
87.727,1,0.790,0.552,DETECTING,0
87.766,1,0.791,0.591,DETECTING,0
87.805,1,0.798,0.631,DETECTING,0
87.844,1,0.812,0.669,DETECTING,0
87.883,1,0.814,0.708,DETECTING,0
87.922,1,0.813,0.747,DETECTING,0
87.962,1,0.787,0.787,DETECTING,0
88.001,1,0.778,0.826,DETECTING,0
88.040,1,0.713,0.865,DETECTING,0
88.079,1,0.674,0.904,DETECTING,0
88.118,1,0.832,0.943,DETECTING,0
88.157,1,0.891,0.982,DETECTING,0
88.197,1,0.800,1.022,DETECTING,0
88.235,1,0.603,1.060,DETECTING,0
88.274,1,0.595,1.100,DETECTING,0
88.313,1,0.546,1.139,DETECTING,0
88.351,0,0.000,0.000,COOLDOWN,0
88.388,0,0.000,0.000,COOLDOWN,0
88.425,0,0.000,0.000,COOLDOWN,0
88.461,0,0.000,0.000,COOLDOWN,0
88.502,0,0.000,0.000,COOLDOWN,0
88.538,0,0.000,0.000,COOLDOWN,0
88.576,0,0.000,0.000,COOLDOWN,0
88.612,0,0.000,0.000,COOLDOWN,0
88.650,0,0.000,0.000,COOLDOWN,0
88.686,0,0.000,0.000,COOLDOWN,0
88.722,0,0.000,0.000,COOLDOWN,0
88.758,0,0.000,0.000,COOLDOWN,0
88.794,0,0.000,0.000,COOLDOWN,0
88.830,0,0.000,0.000,COOLDOWN,0
88.866,0,0.000,0.000,COOLDOWN,0
88.902,0,0.000,0.000,COOLDOWN,0
88.938,0,0.000,0.000,COOLDOWN,0
88.974,0,0.000,0.000,COOLDOWN,0
89.010,0,0.000,0.000,COOLDOWN,0
89.046,0,0.000,0.000,COOLDOWN,0
89.083,0,0.000,0.000,COOLDOWN,0
89.119,0,0.000,0.000,COOLDOWN,0
89.155,0,0.000,0.000,COOLDOWN,0
89.191,0,0.000,0.000,COOLDOWN,0
89.227,0,0.000,0.000,COOLDOWN,0
89.263,0,0.000,0.000,COOLDOWN,0
89.301,1,0.881,0.000,DETECTING,0
89.340,1,0.878,0.039,DETECTING,0
89.379,1,0.856,0.078,DETECTING,0
89.418,1,0.893,0.116,DETECTING,0
89.457,1,0.914,0.156,DETECTING,0
89.497,1,0.888,0.196,DETECTING,0
89.536,1,0.907,0.235,DETECTING,0
89.575,1,0.897,0.274,DETECTING,0
89.619,1,0.864,0.317,DETECTING,0
89.657,1,0.857,0.356,DETECTING,0
89.696,1,0.769,0.395,DETECTING,0
89.733,0,0.000,0.000,COOLDOWN,0
89.771,1,0.702,0.000,DETECTING,0
89.810,1,0.840,0.039,DETECTING,0
89.849,1,0.927,0.078,DETECTING,0
89.888,1,0.927,0.117,DETECTING,0
89.926,1,0.928,0.155,DETECTING,0
89.965,1,0.924,0.194,DETECTING,0
90.004,1,0.892,0.233,DETECTING,0
90.043,1,0.914,0.272,DETECTING,0
90.082,1,0.909,0.311,DETECTING,0
90.121,1,0.941,0.350,DETECTING,0
90.160,1,0.904,0.389,DETECTING,0
90.199,1,0.917,0.428,DETECTING,0
90.239,1,0.933,0.468,DETECTING,0
90.278,1,0.938,0.507,DETECTING,0
90.317,1,0.955,0.546,DETECTING,0
90.357,1,0.950,0.586,DETECTING,0
90.396,1,0.944,0.625,DETECTING,0
90.436,1,0.949,0.665,DETECTING,0
90.475,1,0.932,0.704,DETECTING,0
90.514,1,0.934,0.743,DETECTING,0
90.553,1,0.950,0.782,DETECTING,0
90.593,1,0.954,0.822,DETECTING,0
90.632,1,0.941,0.861,DETECTING,0
90.671,1,0.921,0.900,DETECTING,0
90.709,1,0.928,0.938,DETECTING,0
90.748,1,0.940,0.977,DETECTING,0
90.792,1,0.939,1.021,DETECTING,0
90.831,1,0.942,1.060,DETECTING,0
90.870,1,0.953,1.099,DETECTING,0
90.910,1,0.950,1.139,DETECTING,0
90.950,1,0.954,1.179,DETECTING,0
90.992,1,0.960,1.221,DETECTING,0
91.031,1,0.951,1.259,DETECTING,0
91.069,1,0.948,1.298,DETECTING,0
91.110,1,0.933,1.339,DETECTING,0
91.150,1,0.942,1.379,DETECTING,0
91.190,1,0.946,1.419,DETECTING,0
91.230,1,0.944,1.459,DETECTING,0
91.270,1,0.942,1.499,DETECTING,0
91.309,1,0.941,1.538,DETECTING,0
91.350,1,0.943,1.579,DETECTING,0
91.389,1,0.946,1.618,DETECTING,0
91.429,1,0.949,1.658,DETECTING,0
91.469,1,0.962,1.698,DETECTING,0
91.508,1,0.952,1.737,DETECTING,0
91.548,1,0.948,1.777,DETECTING,0
91.588,1,0.958,1.817,DETECTING,0
91.628,1,0.948,1.857,DETECTING,0
91.668,1,0.946,1.897,DETECTING,0
91.707,1,0.963,1.936,DETECTING,0
91.747,1,0.972,1.976,DETECTING,0
91.787,1,0.954,2.016,COOLDOWN,0
91.827,1,0.960,2.056,COOLDOWN,0
91.867,1,0.947,2.096,COOLDOWN,0
91.907,1,0.962,2.136,COOLDOWN,0
91.947,1,0.962,2.176,COOLDOWN,0
91.995,1,0.960,2.224,COOLDOWN,0
92.036,1,0.951,2.265,COOLDOWN,0
92.075,1,0.956,2.304,COOLDOWN,0
92.115,1,0.968,2.344,COOLDOWN,0
92.154,1,0.958,2.383,TRIGGERED,1
92.200,1,0.962,0.000,DETECTING,0
92.239,1,0.954,0.039,DETECTING,0
92.278,1,0.959,0.078,DETECTING,0
92.318,1,0.967,0.118,DETECTING,0
92.357,1,0.963,0.157,DETECTING,0
92.396,1,0.953,0.196,DETECTING,0
92.436,1,0.952,0.236,DETECTING,0
92.477,1,0.947,0.277,DETECTING,0
92.516,1,0.955,0.317,DETECTING,0
92.555,1,0.959,0.356,DETECTING,0
92.595,1,0.962,0.395,DETECTING,0
92.634,1,0.958,0.435,DETECTING,0
92.673,1,0.971,0.474,DETECTING,0
92.712,1,0.959,0.513,DETECTING,0
92.751,1,0.957,0.552,DETECTING,0
92.790,1,0.966,0.591,DETECTING,0
92.829,1,0.955,0.630,DETECTING,0
92.869,1,0.957,0.669,DETECTING,0
92.908,1,0.960,0.708,DETECTING,0
92.947,1,0.948,0.748,DETECTING,0
92.986,1,0.955,0.787,DETECTING,0
93.025,1,0.939,0.826,DETECTING,0
93.064,1,0.944,0.865,DETECTING,0
93.103,1,0.949,0.904,DETECTING,0
93.142,1,0.953,0.943,DETECTING,0
93.187,1,0.944,0.987,DETECTING,0
93.226,1,0.954,1.026,DETECTING,0
93.265,1,0.940,1.066,DETECTING,0
93.304,1,0.944,1.105,DETECTING,0
93.343,1,0.936,1.144,DETECTING,0
93.382,1,0.935,1.182,DETECTING,0
93.422,1,0.932,1.222,DETECTING,0
93.460,1,0.933,1.261,DETECTING,0
93.499,1,0.927,1.299,DETECTING,0
93.538,1,0.924,1.338,DETECTING,0
93.577,1,0.932,1.378,DETECTING,0
93.616,1,0.936,1.416,DETECTING,0
93.655,1,0.933,1.455,DETECTING,0
93.694,1,0.944,1.494,DETECTING,0
93.732,1,0.939,1.533,DETECTING,0
93.771,1,0.941,1.571,DETECTING,0
93.810,1,0.941,1.610,DETECTING,0
93.849,1,0.941,1.650,DETECTING,0
93.888,1,0.929,1.688,DETECTING,0
93.927,1,0.935,1.727,DETECTING,0
93.966,1,0.920,1.767,DETECTING,0
94.006,1,0.938,1.807,DETECTING,0
94.045,1,0.938,1.846,DETECTING,0
94.084,1,0.945,1.885,DETECTING,0
94.123,1,0.928,1.924,DETECTING,0
94.162,1,0.939,1.963,DETECTING,0
94.202,1,0.944,2.002,COOLDOWN,0
94.241,1,0.927,2.042,COOLDOWN,0
94.280,1,0.960,2.081,COOLDOWN,0
94.319,1,0.944,2.120,COOLDOWN,0
94.363,1,0.940,2.163,COOLDOWN,0
94.402,1,0.944,2.203,COOLDOWN,0
94.441,1,0.940,2.242,COOLDOWN,0
94.480,1,0.940,2.281,COOLDOWN,0
94.520,1,0.936,2.320,COOLDOWN,0
94.558,1,0.941,2.359,COOLDOWN,0
94.597,1,0.955,2.398,COOLDOWN,0
94.636,1,0.950,2.437,COOLDOWN,0
94.675,1,0.946,2.476,COOLDOWN,0
94.715,1,0.931,2.515,COOLDOWN,0
94.753,1,0.926,2.554,COOLDOWN,0
94.793,1,0.928,2.593,COOLDOWN,0
94.832,1,0.937,2.633,COOLDOWN,0
94.871,1,0.939,2.672,COOLDOWN,0
94.910,1,0.944,2.711,COOLDOWN,0
94.950,1,0.936,2.750,COOLDOWN,0
94.989,1,0.957,2.790,COOLDOWN,0
95.028,1,0.950,2.829,COOLDOWN,0
95.068,1,0.932,2.869,COOLDOWN,0
95.107,1,0.943,2.908,COOLDOWN,0
95.147,1,0.950,2.947,COOLDOWN,0
95.186,1,0.956,2.986,COOLDOWN,0
95.225,1,0.958,3.025,COOLDOWN,0
95.264,1,0.950,3.064,COOLDOWN,0
95.303,1,0.948,3.103,COOLDOWN,0
95.342,1,0.958,3.143,COOLDOWN,0
95.381,1,0.960,3.182,COOLDOWN,0
95.420,1,0.946,3.221,COOLDOWN,0
95.460,1,0.962,3.260,COOLDOWN,0
95.499,1,0.966,3.300,COOLDOWN,0
95.543,1,0.970,3.344,COOLDOWN,0
95.582,1,0.967,3.383,COOLDOWN,0
95.621,1,0.961,3.421,COOLDOWN,0
95.660,1,0.949,3.461,COOLDOWN,0
95.700,1,0.942,3.500,COOLDOWN,0
95.739,1,0.930,3.539,COOLDOWN,0
95.777,1,0.930,3.578,COOLDOWN,0
95.816,1,0.937,3.617,COOLDOWN,0
95.855,1,0.929,3.656,COOLDOWN,0
95.897,1,0.950,3.697,COOLDOWN,0
95.937,1,0.959,3.738,COOLDOWN,0
95.980,1,0.959,3.781,COOLDOWN,0
96.021,1,0.962,3.822,COOLDOWN,0
96.060,1,0.963,3.861,COOLDOWN,0
96.100,1,0.955,3.901,COOLDOWN,0
96.139,1,0.955,3.939,COOLDOWN,0
96.178,1,0.956,3.979,COOLDOWN,0
96.218,1,0.954,4.018,COOLDOWN,0
96.257,1,0.955,4.058,COOLDOWN,0
96.297,1,0.950,4.097,COOLDOWN,0
96.336,1,0.951,4.137,COOLDOWN,0
96.375,1,0.959,4.176,COOLDOWN,0
96.415,1,0.952,4.215,COOLDOWN,0
96.453,1,0.958,4.254,COOLDOWN,0
96.492,1,0.950,4.293,COOLDOWN,0
96.531,1,0.954,4.332,COOLDOWN,0
96.570,1,0.948,4.371,COOLDOWN,0
96.609,1,0.948,4.410,COOLDOWN,0
96.648,1,0.948,4.449,COOLDOWN,0
96.687,1,0.953,4.488,COOLDOWN,0
96.732,1,0.945,4.532,COOLDOWN,0
96.771,1,0.925,4.571,COOLDOWN,0
96.810,1,0.935,4.610,COOLDOWN,0
96.849,1,0.947,4.650,COOLDOWN,0
96.889,1,0.936,4.689,COOLDOWN,0
96.928,1,0.929,4.728,COOLDOWN,0
96.967,1,0.950,4.767,COOLDOWN,0
97.008,1,0.942,4.808,COOLDOWN,0
97.047,1,0.948,4.848,COOLDOWN,0
97.086,1,0.879,4.887,COOLDOWN,0
97.125,1,0.712,4.926,COOLDOWN,0
97.162,0,0.000,0.000,IDLE,0
97.201,1,0.578,0.000,DETECTING,0
97.239,0,0.000,0.000,IDLE,0
97.277,0,0.000,0.000,IDLE,0
97.316,1,0.599,0.000,DETECTING,0
97.355,1,0.759,0.039,DETECTING,0
97.394,1,0.760,0.078,DETECTING,0
97.434,1,0.833,0.118,DETECTING,0
97.473,1,0.557,0.158,DETECTING,0
97.512,1,0.569,0.197,DETECTING,0
97.552,1,0.862,0.236,DETECTING,0
97.591,1,0.918,0.275,DETECTING,0
97.630,1,0.853,0.314,DETECTING,0
97.671,1,0.619,0.355,DETECTING,0
97.711,1,0.469,0.395,DETECTING,0
97.748,0,0.000,0.000,IDLE,0
97.786,1,0.701,0.000,DETECTING,0
97.823,0,0.000,0.000,IDLE,0
97.862,1,0.868,0.000,DETECTING,0
97.904,0,0.000,0.000,IDLE,0
97.943,0,0.000,0.000,IDLE,0
97.981,1,0.578,0.000,DETECTING,0
98.021,1,0.787,0.039,DETECTING,0
98.060,1,0.929,0.078,DETECTING,0
98.099,1,0.923,0.118,DETECTING,0
98.138,1,0.938,0.157,DETECTING,0
98.178,1,0.932,0.197,DETECTING,0
98.218,1,0.938,0.236,DETECTING,0
98.257,1,0.940,0.276,DETECTING,0
98.297,1,0.942,0.316,DETECTING,0
98.336,1,0.938,0.355,DETECTING,0
98.376,1,0.930,0.394,DETECTING,0
98.415,1,0.934,0.434,DETECTING,0
98.454,1,0.938,0.473,DETECTING,0
98.493,1,0.946,0.512,DETECTING,0
98.533,1,0.944,0.551,DETECTING,0
98.572,1,0.949,0.591,DETECTING,0
98.612,1,0.928,0.631,DETECTING,0
98.651,1,0.943,0.670,DETECTING,0
98.691,1,0.921,0.709,DETECTING,0
98.730,1,0.921,0.749,DETECTING,0
98.769,1,0.929,0.787,DETECTING,0
98.807,1,0.916,0.826,DETECTING,0
98.846,1,0.936,0.865,DETECTING,0
98.885,1,0.944,0.903,DETECTING,0
98.924,1,0.908,0.942,DETECTING,0
98.963,1,0.927,0.981,DETECTING,0
99.002,1,0.910,1.020,DETECTING,0
99.041,1,0.933,1.060,DETECTING,0
99.085,1,0.916,1.103,DETECTING,0
99.124,1,0.919,1.143,DETECTING,0
99.163,1,0.896,1.182,DETECTING,0
99.202,1,0.923,1.221,DETECTING,0
99.241,1,0.947,1.259,DETECTING,0
99.280,1,0.935,1.298,DETECTING,0
99.319,1,0.910,1.338,DETECTING,0
99.358,1,0.809,1.376,DETECTING,0
99.396,0,0.000,0.000,IDLE,0
99.432,0,0.000,0.000,IDLE,0
99.471,1,0.461,0.000,DETECTING,0
99.510,1,0.585,0.039,DETECTING,0
99.549,1,0.777,0.078,DETECTING,0
99.588,1,0.922,0.117,DETECTING,0
99.627,1,0.615,0.156,DETECTING,0
99.665,0,0.000,0.000,IDLE,0
99.701,0,0.000,0.000,IDLE,0
99.738,0,0.000,0.000,IDLE,0
99.774,0,0.000,0.000,IDLE,0
99.810,0,0.000,0.000,IDLE,0
99.848,1,0.561,0.000,DETECTING,0
99.889,1,0.562,0.042,DETECTING,0
99.926,0,0.000,0.000,IDLE,0
99.962,0,0.000,0.000,IDLE,0
100.000,1,0.568,0.000,DETECTING,0
100.037,0,0.000,0.000,IDLE,0
100.076,0,0.000,0.000,IDLE,0
100.114,1,0.642,0.000,DETECTING,0
100.150,0,0.000,0.000,IDLE,0
100.186,0,0.000,0.000,IDLE,0
100.228,0,0.000,0.000,IDLE,0
100.264,0,0.000,0.000,IDLE,0
100.302,1,0.680,0.000,DETECTING,0
100.341,1,0.629,0.039,DETECTING,0
100.380,1,0.543,0.078,DETECTING,0
100.419,1,0.826,0.117,DETECTING,0
100.458,1,0.743,0.155,DETECTING,0
100.496,1,0.810,0.194,DETECTING,0
100.536,1,0.799,0.234,DETECTING,0
100.576,1,0.842,0.274,DETECTING,0
100.614,1,0.732,0.312,DETECTING,0
100.653,1,0.815,0.351,DETECTING,0
100.692,1,0.725,0.390,DETECTING,0
100.729,0,0.000,0.000,IDLE,0
100.767,1,0.808,0.000,DETECTING,0
100.806,1,0.817,0.039,DETECTING,0
100.845,1,0.829,0.078,DETECTING,0
100.886,1,0.868,0.119,DETECTING,0
100.927,1,0.787,0.160,DETECTING,0
100.967,1,0.817,0.201,DETECTING,0
101.007,1,0.909,0.240,DETECTING,0
101.047,1,0.858,0.280,DETECTING,0
101.087,1,0.851,0.321,DETECTING,0
101.127,1,0.796,0.360,DETECTING,0
101.166,1,0.579,0.399,DETECTING,0
101.204,1,0.801,0.438,DETECTING,0
101.244,1,0.845,0.477,DETECTING,0
101.283,1,0.573,0.516,DETECTING,0
101.322,0,0.000,0.000,IDLE,0
101.360,1,0.612,0.000,DETECTING,0
101.401,0,0.000,0.000,IDLE,0
101.437,0,0.000,0.000,IDLE,0
101.478,1,0.910,0.000,DETECTING,0
101.517,1,0.858,0.040,DETECTING,0
101.556,1,0.917,0.079,DETECTING,0
101.596,1,0.724,0.118,DETECTING,0
101.636,1,0.590,0.158,DETECTING,0
101.673,0,0.000,0.000,IDLE,0
101.709,0,0.000,0.000,IDLE,0
101.748,1,0.895,0.000,DETECTING,0
101.787,1,0.915,0.039,DETECTING,0
101.824,0,0.000,0.000,IDLE,0
101.860,0,0.000,0.000,IDLE,0
101.896,0,0.000,0.000,IDLE,0
101.932,0,0.000,0.000,IDLE,0
101.969,0,0.000,0.000,IDLE,0
102.006,0,0.000,0.000,IDLE,0
102.042,0,0.000,0.000,IDLE,0
102.078,0,0.000,0.000,IDLE,0
102.115,0,0.000,0.000,IDLE,0
102.152,1,0.787,0.000,DETECTING,0
102.192,1,0.850,0.039,DETECTING,0
102.231,1,0.471,0.079,DETECTING,0
102.271,1,0.664,0.118,DETECTING,0
102.310,1,0.854,0.158,DETECTING,0
102.350,1,0.613,0.198,DETECTING,0
102.389,1,0.842,0.237,DETECTING,0
102.429,1,0.849,0.277,DETECTING,0
102.469,1,0.915,0.316,DETECTING,0
102.509,1,0.927,0.356,DETECTING,0
102.554,1,0.749,0.401,DETECTING,0
102.594,1,0.794,0.442,DETECTING,0
102.634,1,0.637,0.481,DETECTING,0
102.674,1,0.887,0.521,DETECTING,0
102.714,1,0.915,0.561,DETECTING,0
102.753,1,0.919,0.601,DETECTING,0
102.793,1,0.921,0.641,DETECTING,0
102.833,1,0.934,0.680,DETECTING,0
102.872,1,0.925,0.719,DETECTING,0
102.911,1,0.897,0.759,DETECTING,0
102.950,1,0.933,0.798,DETECTING,0
102.989,1,0.920,0.837,DETECTING,0
103.029,1,0.916,0.877,DETECTING,0
103.069,1,0.932,0.916,DETECTING,0
103.108,1,0.926,0.956,DETECTING,0
103.149,1,0.915,0.996,DETECTING,0
103.188,1,0.926,1.036,DETECTING,0
103.227,1,0.918,1.075,DETECTING,0
103.267,1,0.905,1.114,DETECTING,0
103.306,1,0.916,1.153,DETECTING,0
103.345,1,0.926,1.193,DETECTING,0
103.385,1,0.929,1.232,DETECTING,0
103.425,1,0.930,1.272,DETECTING,0
103.465,1,0.931,1.312,DETECTING,0
103.505,1,0.924,1.352,DETECTING,0
103.546,1,0.935,1.393,DETECTING,0
103.586,1,0.921,1.433,DETECTING,0
103.625,1,0.924,1.472,DETECTING,0
103.665,1,0.922,1.512,DETECTING,0
103.705,1,0.926,1.552,DETECTING,0
103.750,1,0.928,1.598,DETECTING,0
103.790,1,0.929,1.637,DETECTING,0
103.829,1,0.925,1.677,DETECTING,0
103.869,1,0.910,1.716,DETECTING,0
103.909,1,0.925,1.756,DETECTING,0
103.949,1,0.930,1.796,DETECTING,0
103.988,1,0.939,1.836,DETECTING,0
104.029,1,0.939,1.877,DETECTING,0
104.069,1,0.936,1.916,DETECTING,0
104.109,1,0.933,1.957,DETECTING,0
104.149,1,0.931,1.997,DETECTING,0
104.190,1,0.938,2.038,TRIGGERED,1
104.235,1,0.941,0.000,DETECTING,0
104.274,1,0.926,0.039,DETECTING,0
104.314,1,0.915,0.079,DETECTING,0
104.354,1,0.914,0.119,DETECTING,0
104.395,1,0.910,0.160,DETECTING,0
104.435,1,0.919,0.200,DETECTING,0
104.475,1,0.928,0.240,DETECTING,0
104.515,1,0.932,0.281,DETECTING,0
104.555,1,0.924,0.320,DETECTING,0
104.595,1,0.922,0.360,DETECTING,0
104.637,1,0.926,0.402,DETECTING,0
104.678,1,0.925,0.443,DETECTING,0
104.718,1,0.913,0.484,DETECTING,0
104.760,1,0.926,0.525,DETECTING,0
104.799,1,0.917,0.565,DETECTING,0
104.840,1,0.927,0.605,DETECTING,0
104.880,1,0.922,0.646,DETECTING,0
104.920,1,0.917,0.685,DETECTING,0
104.965,1,0.927,0.731,DETECTING,0
105.006,1,0.941,0.771,DETECTING,0
105.046,1,0.917,0.811,DETECTING,0
105.086,1,0.925,0.851,DETECTING,0
105.126,1,0.931,0.891,DETECTING,0
105.166,1,0.907,0.931,DETECTING,0
105.206,1,0.806,0.972,DETECTING,0
105.244,0,0.000,0.000,COOLDOWN,0
105.281,0,0.000,0.000,COOLDOWN,0
105.318,0,0.000,0.000,COOLDOWN,0
105.355,0,0.000,0.000,COOLDOWN,0
105.391,0,0.000,0.000,COOLDOWN,0
105.428,0,0.000,0.000,COOLDOWN,0
105.465,0,0.000,0.000,COOLDOWN,0
105.501,0,0.000,0.000,COOLDOWN,0
105.538,0,0.000,0.000,COOLDOWN,0
105.577,1,0.864,0.000,DETECTING,0
105.617,1,0.906,0.040,DETECTING,0
105.657,1,0.891,0.080,DETECTING,0
105.696,1,0.900,0.119,DETECTING,0
105.735,1,0.880,0.159,DETECTING,0
105.775,1,0.822,0.199,DETECTING,0
105.815,1,0.814,0.238,DETECTING,0
105.854,1,0.810,0.277,DETECTING,0
105.895,1,0.816,0.318,DETECTING,0
105.936,1,0.849,0.359,DETECTING,0
105.979,1,0.863,0.402,DETECTING,0
106.019,1,0.829,0.443,DETECTING,0
106.059,1,0.835,0.482,DETECTING,0
106.100,1,0.840,0.524,DETECTING,0
106.144,1,0.878,0.568,DETECTING,0
106.183,1,0.923,0.607,DETECTING,0
106.222,1,0.899,0.646,DETECTING,0
106.262,1,0.915,0.685,DETECTING,0
106.302,1,0.909,0.725,DETECTING,0
106.342,1,0.877,0.765,DETECTING,0
106.381,1,0.906,0.805,DETECTING,0
106.421,1,0.884,0.845,DETECTING,0
106.463,1,0.883,0.886,DETECTING,0
106.504,1,0.893,0.928,DETECTING,0
106.543,1,0.909,0.967,DETECTING,0
106.583,1,0.900,1.007,DETECTING,0
106.624,1,0.895,1.047,DETECTING,0
106.664,1,0.880,1.087,DETECTING,0
106.703,1,0.897,1.127,DETECTING,0
106.743,1,0.902,1.166,DETECTING,0
106.782,1,0.908,1.205,DETECTING,0
106.821,1,0.928,1.244,DETECTING,0
106.860,1,0.934,1.283,DETECTING,0
106.899,1,0.905,1.322,DETECTING,0
106.938,1,0.918,1.361,DETECTING,0
106.976,1,0.938,1.400,DETECTING,0
107.016,1,0.932,1.439,DETECTING,0
107.054,1,0.926,1.478,DETECTING,0
107.093,1,0.936,1.517,DETECTING,0
107.132,1,0.944,1.555,DETECTING,0
107.171,1,0.933,1.594,DETECTING,0
107.210,1,0.930,1.633,DETECTING,0
107.248,1,0.915,1.672,DETECTING,0
107.288,1,0.924,1.712,DETECTING,0
107.332,1,0.894,1.755,DETECTING,0
107.371,1,0.897,1.795,DETECTING,0
107.410,1,0.921,1.834,DETECTING,0
107.450,1,0.924,1.873,DETECTING,0
107.489,1,0.925,1.913,DETECTING,0
107.529,1,0.932,1.952,DETECTING,0
107.568,1,0.923,1.992,DETECTING,0
107.609,1,0.888,2.032,COOLDOWN,0
107.648,1,0.905,2.072,COOLDOWN,0
107.688,1,0.761,2.111,COOLDOWN,0
107.728,1,0.861,2.151,COOLDOWN,0
107.768,1,0.856,2.191,COOLDOWN,0
107.808,1,0.906,2.231,COOLDOWN,0
107.847,1,0.894,2.271,COOLDOWN,0
107.887,1,0.973,2.310,COOLDOWN,0
107.927,1,0.991,2.350,COOLDOWN,0
107.966,1,0.979,2.389,COOLDOWN,0
108.005,1,0.984,2.429,COOLDOWN,0
108.045,1,0.989,2.468,COOLDOWN,0
108.084,1,0.995,2.508,COOLDOWN,0
108.124,1,0.985,2.547,COOLDOWN,0
108.163,1,0.968,2.586,COOLDOWN,0
108.203,1,0.976,2.627,COOLDOWN,0
108.243,1,0.910,2.666,COOLDOWN,0
108.283,1,0.941,2.706,COOLDOWN,0
108.322,1,0.944,2.746,COOLDOWN,0
108.363,1,0.950,2.786,COOLDOWN,0
108.402,1,0.930,2.826,COOLDOWN,0
108.442,1,0.970,2.865,COOLDOWN,0
108.481,1,0.979,2.905,COOLDOWN,0
108.526,1,0.976,2.949,COOLDOWN,0
108.565,1,0.978,2.989,COOLDOWN,0
108.605,1,0.944,3.028,COOLDOWN,0
108.645,1,0.982,3.068,COOLDOWN,0
108.684,1,0.955,3.107,COOLDOWN,0
108.724,1,0.981,3.147,COOLDOWN,0
108.764,1,0.936,3.187,COOLDOWN,0
108.803,1,0.962,3.227,COOLDOWN,0
108.843,1,0.948,3.266,COOLDOWN,0
108.882,1,0.938,3.306,COOLDOWN,0
108.922,1,0.954,3.345,COOLDOWN,0
108.964,1,0.975,3.388,COOLDOWN,0
109.004,1,0.979,3.427,COOLDOWN,0
109.044,1,0.988,3.467,COOLDOWN,0
109.083,1,0.969,3.506,COOLDOWN,0
109.123,1,0.955,3.546,COOLDOWN,0
109.162,1,0.946,3.585,COOLDOWN,0
109.202,1,0.975,3.625,TRIGGERED,1
109.246,1,0.965,0.000,DETECTING,0
109.287,1,0.978,0.040,DETECTING,0
109.326,1,0.957,0.080,DETECTING,0
109.366,1,0.908,0.120,DETECTING,0
109.406,1,0.752,0.159,DETECTING,0
109.445,0,0.000,0.000,COOLDOWN,0
109.484,1,0.663,0.000,DETECTING,0
109.523,1,0.920,0.040,DETECTING,0
109.563,1,0.909,0.079,DETECTING,0
109.603,1,0.928,0.119,DETECTING,0
109.642,1,0.764,0.159,DETECTING,0
109.682,1,0.811,0.198,DETECTING,0
109.726,1,0.577,0.242,DETECTING,0
109.766,1,0.597,0.282,DETECTING,0
109.802,0,0.000,0.000,COOLDOWN,0
109.838,0,0.000,0.000,COOLDOWN,0
109.876,1,0.497,0.000,DETECTING,0
109.916,1,0.620,0.040,DETECTING,0
109.956,1,0.674,0.079,DETECTING,0
109.994,1,0.650,0.118,DETECTING,0
110.033,1,0.753,0.157,DETECTING,0
110.070,0,0.000,0.000,COOLDOWN,0
110.109,1,0.676,0.000,DETECTING,0
110.149,1,0.836,0.040,DETECTING,0
110.188,1,0.851,0.079,DETECTING,0
110.228,1,0.893,0.119,DETECTING,0
110.267,1,0.931,0.158,DETECTING,0
110.306,1,0.962,0.197,DETECTING,0
110.345,1,0.925,0.236,DETECTING,0
110.384,1,0.974,0.276,DETECTING,0
110.424,1,0.987,0.315,DETECTING,0
110.463,1,0.971,0.354,DETECTING,0
110.502,1,0.777,0.393,DETECTING,0
110.541,1,0.902,0.432,DETECTING,0
110.580,1,0.534,0.471,DETECTING,0
110.619,1,0.837,0.510,DETECTING,0
110.658,1,0.992,0.549,DETECTING,0
110.697,1,0.943,0.588,DETECTING,0
110.739,1,0.802,0.630,DETECTING,0
110.778,1,0.967,0.669,DETECTING,0
110.816,1,0.988,0.707,DETECTING,0
110.855,1,0.970,0.746,DETECTING,0
110.900,1,0.990,0.791,DETECTING,0
110.940,1,0.959,0.831,DETECTING,0
110.981,1,0.937,0.872,DETECTING,0
111.022,1,0.946,0.913,DETECTING,0
111.062,1,0.918,0.953,DETECTING,0
111.100,1,0.454,0.991,DETECTING,0
111.137,0,0.000,0.000,COOLDOWN,0
111.173,0,0.000,0.000,COOLDOWN,0
111.209,0,0.000,0.000,COOLDOWN,0
111.247,1,0.475,0.000,DETECTING,0
111.284,0,0.000,0.000,COOLDOWN,0
111.320,0,0.000,0.000,COOLDOWN,0
111.356,0,0.000,0.000,COOLDOWN,0
111.393,0,0.000,0.000,COOLDOWN,0
111.429,0,0.000,0.000,COOLDOWN,0
111.468,1,0.602,0.000,DETECTING,0
111.504,0,0.000,0.000,COOLDOWN,0
111.541,0,0.000,0.000,COOLDOWN,0
111.577,0,0.000,0.000,COOLDOWN,0
111.615,1,0.479,0.000,DETECTING,0
111.654,1,0.621,0.039,DETECTING,0
111.693,1,0.867,0.078,DETECTING,0
111.733,1,0.816,0.118,DETECTING,0
111.772,1,0.700,0.157,DETECTING,0
111.813,1,0.558,0.198,DETECTING,0
111.852,1,0.679,0.237,DETECTING,0
111.891,1,0.707,0.276,DETECTING,0
111.931,1,0.799,0.315,DETECTING,0
111.970,1,0.677,0.354,DETECTING,0
112.011,1,0.508,0.396,DETECTING,0
112.055,1,0.591,0.440,DETECTING,0
112.094,1,0.660,0.478,DETECTING,0
112.133,1,0.829,0.518,DETECTING,0
112.172,1,0.900,0.556,DETECTING,0
112.211,1,0.858,0.596,DETECTING,0
112.250,1,0.762,0.635,DETECTING,0
112.290,1,0.756,0.674,DETECTING,0
112.329,1,0.767,0.714,DETECTING,0
112.368,1,0.725,0.753,DETECTING,0
112.407,1,0.827,0.792,DETECTING,0
112.446,1,0.735,0.831,DETECTING,0
112.486,1,0.813,0.870,DETECTING,0
112.526,1,0.741,0.911,DETECTING,0
112.566,1,0.780,0.950,DETECTING,0
112.606,1,0.771,0.991,DETECTING,0
112.645,1,0.804,1.030,DETECTING,0
112.685,1,0.835,1.070,DETECTING,0
112.724,1,0.867,1.109,DETECTING,0
112.763,1,0.862,1.148,DETECTING,0
112.802,1,0.862,1.187,DETECTING,0
112.841,1,0.891,1.226,DETECTING,0
112.881,1,0.841,1.265,DETECTING,0
112.920,1,0.853,1.304,DETECTING,0
112.958,1,0.868,1.343,DETECTING,0
112.997,1,0.820,1.382,DETECTING,0
113.036,1,0.886,1.421,DETECTING,0
113.076,1,0.884,1.460,DETECTING,0
113.114,1,0.877,1.499,DETECTING,0
113.153,1,0.869,1.538,DETECTING,0
113.192,1,0.872,1.577,DETECTING,0
113.237,1,0.911,1.621,DETECTING,0
113.276,1,0.891,1.661,DETECTING,0
113.316,1,0.878,1.701,DETECTING,0
113.355,1,0.877,1.740,DETECTING,0
113.394,1,0.877,1.779,DETECTING,0
113.433,1,0.899,1.818,DETECTING,0
113.472,1,0.874,1.857,DETECTING,0
113.514,1,0.866,1.899,DETECTING,0
113.553,1,0.865,1.938,DETECTING,0
113.592,1,0.858,1.977,DETECTING,0
113.631,1,0.837,2.016,COOLDOWN,0
113.670,1,0.799,2.054,COOLDOWN,0
113.709,1,0.798,2.094,COOLDOWN,0
113.748,1,0.776,2.133,COOLDOWN,0
113.789,1,0.783,2.174,COOLDOWN,0
113.829,1,0.746,2.213,COOLDOWN,0
113.868,1,0.708,2.252,COOLDOWN,0
113.907,1,0.785,2.292,COOLDOWN,0
113.947,1,0.770,2.332,COOLDOWN,0
113.986,1,0.741,2.371,COOLDOWN,0
114.026,1,0.748,2.411,COOLDOWN,0
114.067,1,0.789,2.451,COOLDOWN,0
114.106,1,0.822,2.491,COOLDOWN,0
114.145,1,0.835,2.530,COOLDOWN,0
114.184,1,0.839,2.569,COOLDOWN,0
114.224,1,0.876,2.608,TRIGGERED,1
114.269,1,0.881,0.000,DETECTING,0
114.308,1,0.837,0.040,DETECTING,0
114.348,1,0.893,0.079,DETECTING,0
114.387,1,0.849,0.119,DETECTING,0
114.431,1,0.841,0.163,DETECTING,0
114.470,1,0.822,0.201,DETECTING,0
114.509,1,0.883,0.241,DETECTING,0
114.549,1,0.832,0.280,DETECTING,0
114.589,1,0.863,0.320,DETECTING,0
114.629,1,0.880,0.360,DETECTING,0
114.668,1,0.838,0.399,DETECTING,0
114.707,1,0.873,0.438,DETECTING,0
114.746,1,0.868,0.477,DETECTING,0
114.785,1,0.859,0.516,DETECTING,0
114.825,1,0.849,0.556,DETECTING,0
114.864,1,0.814,0.595,DETECTING,0
114.903,1,0.827,0.634,DETECTING,0
114.943,1,0.872,0.674,DETECTING,0
114.982,1,0.847,0.713,DETECTING,0
115.021,1,0.835,0.752,DETECTING,0
115.062,1,0.845,0.793,DETECTING,0
115.101,1,0.850,0.832,DETECTING,0
115.140,1,0.772,0.871,DETECTING,0
115.179,1,0.688,0.910,DETECTING,0
115.218,1,0.506,0.949,DETECTING,0
115.254,0,0.000,0.000,COOLDOWN,0
115.293,1,0.535,0.000,DETECTING,0
115.331,1,0.663,0.039,DETECTING,0
115.370,1,0.696,0.078,DETECTING,0
115.409,1,0.629,0.116,DETECTING,0
115.448,1,0.621,0.155,DETECTING,0
115.487,1,0.481,0.194,DETECTING,0
115.526,1,0.467,0.234,DETECTING,0
115.565,1,0.693,0.273,DETECTING,0
115.610,1,0.666,0.317,DETECTING,0
115.648,1,0.626,0.356,DETECTING,0
115.685,0,0.000,0.000,COOLDOWN,0
115.721,0,0.000,0.000,COOLDOWN,0
115.759,0,0.000,0.000,COOLDOWN,0
115.798,1,0.512,0.000,DETECTING,0
115.834,0,0.000,0.000,COOLDOWN,0
115.872,1,0.682,0.000,DETECTING,0
115.910,0,0.000,0.000,COOLDOWN,0
115.947,0,0.000,0.000,COOLDOWN,0
115.986,0,0.000,0.000,COOLDOWN,0
116.022,0,0.000,0.000,COOLDOWN,0
116.057,0,0.000,0.000,COOLDOWN,0
116.093,0,0.000,0.000,COOLDOWN,0
116.130,0,0.000,0.000,COOLDOWN,0
116.166,0,0.000,0.000,COOLDOWN,0
116.202,0,0.000,0.000,COOLDOWN,0
116.238,0,0.000,0.000,COOLDOWN,0
116.277,1,0.742,0.000,DETECTING,0
116.317,1,0.709,0.040,DETECTING,0
116.356,1,0.720,0.079,DETECTING,0
116.396,1,0.673,0.119,DETECTING,0
116.435,1,0.814,0.158,DETECTING,0
116.475,1,0.766,0.198,DETECTING,0
116.514,1,0.751,0.237,DETECTING,0
116.553,1,0.708,0.277,DETECTING,0
116.593,1,0.779,0.316,DETECTING,0
116.632,1,0.874,0.355,DETECTING,0
116.670,1,0.854,0.393,DETECTING,0
116.710,1,0.834,0.433,DETECTING,0
116.755,1,0.802,0.478,DETECTING,0
116.794,1,0.664,0.517,DETECTING,0
116.833,1,0.537,0.556,DETECTING,0
116.873,1,0.622,0.596,DETECTING,0
116.910,0,0.000,0.000,COOLDOWN,0
116.946,0,0.000,0.000,COOLDOWN,0
116.985,1,0.563,0.000,DETECTING,0
117.024,1,0.566,0.040,DETECTING,0
117.063,1,0.622,0.079,DETECTING,0
117.102,1,0.484,0.117,DETECTING,0
117.141,1,0.584,0.157,DETECTING,0
117.180,0,0.000,0.000,COOLDOWN,0
117.219,1,0.632,0.000,DETECTING,0
117.258,1,0.663,0.039,DETECTING,0
117.295,0,0.000,0.000,COOLDOWN,0
117.331,0,0.000,0.000,COOLDOWN,0
117.367,0,0.000,0.000,COOLDOWN,0
117.405,1,0.571,0.000,DETECTING,0
117.442,0,0.000,0.000,COOLDOWN,0
117.478,0,0.000,0.000,COOLDOWN,0
117.514,0,0.000,0.000,COOLDOWN,0
117.552,1,0.567,0.000,DETECTING,0
117.591,1,0.564,0.039,DETECTING,0
117.630,1,0.895,0.078,DETECTING,0
117.669,1,0.927,0.117,DETECTING,0
117.710,1,0.914,0.158,DETECTING,0
117.751,1,0.846,0.199,DETECTING,0
117.790,1,0.702,0.238,DETECTING,0
117.826,0,0.000,0.000,COOLDOWN,0
117.864,0,0.000,0.000,COOLDOWN,0
117.905,0,0.000,0.000,COOLDOWN,0
117.941,0,0.000,0.000,COOLDOWN,0
117.977,0,0.000,0.000,COOLDOWN,0
118.013,0,0.000,0.000,COOLDOWN,0
118.049,0,0.000,0.000,COOLDOWN,0
118.087,1,0.508,0.000,DETECTING,0
118.126,1,0.594,0.039,DETECTING,0
118.162,0,0.000,0.000,COOLDOWN,0
118.200,1,0.518,0.000,DETECTING,0
118.241,1,0.647,0.041,DETECTING,0
118.281,1,0.524,0.081,DETECTING,0
118.321,1,0.542,0.121,DETECTING,0
118.358,0,0.000,0.000,COOLDOWN,0
118.394,0,0.000,0.000,COOLDOWN,0
118.430,0,0.000,0.000,COOLDOWN,0
118.468,1,0.461,0.000,DETECTING,0
118.507,1,0.461,0.039,DETECTING,0
118.544,0,0.000,0.000,COOLDOWN,0
118.580,0,0.000,0.000,COOLDOWN,0
118.618,1,0.464,0.000,DETECTING,0
118.655,0,0.000,0.000,COOLDOWN,0
118.691,0,0.000,0.000,COOLDOWN,0
118.727,0,0.000,0.000,COOLDOWN,0
118.763,0,0.000,0.000,COOLDOWN,0
118.799,0,0.000,0.000,COOLDOWN,0
118.835,0,0.000,0.000,COOLDOWN,0
118.873,1,0.613,0.000,DETECTING,0
118.912,1,0.546,0.039,DETECTING,0
118.952,1,0.569,0.079,DETECTING,0
118.991,1,0.561,0.118,DETECTING,0
119.035,1,0.663,0.162,DETECTING,0
119.072,0,0.000,0.000,COOLDOWN,0
119.110,1,0.577,0.000,DETECTING,0
119.147,0,0.000,0.000,COOLDOWN,0
119.182,0,0.000,0.000,COOLDOWN,0
119.218,0,0.000,0.000,COOLDOWN,0
119.254,0,0.000,0.000,IDLE,0
119.291,0,0.000,0.000,IDLE,0
119.329,0,0.000,0.000,IDLE,0
119.367,1,0.451,0.000,DETECTING,0
119.406,1,0.606,0.039,DETECTING,0
119.446,1,0.452,0.078,DETECTING,0
119.486,1,0.580,0.118,DETECTING,0
119.525,1,0.468,0.158,DETECTING,0
119.562,0,0.000,0.000,IDLE,0
119.601,1,0.476,0.000,DETECTING,0
119.638,0,0.000,0.000,IDLE,0
119.674,0,0.000,0.000,IDLE,0
119.710,0,0.000,0.000,IDLE,0
119.748,1,0.533,0.000,DETECTING,0
119.787,1,0.622,0.039,DETECTING,0
119.826,1,0.585,0.077,DETECTING,0
119.862,0,0.000,0.000,IDLE,0
119.898,0,0.000,0.000,IDLE,0
119.936,1,0.595,0.000,DETECTING,0
119.975,1,0.526,0.039,DETECTING,0
120.012,0,0.000,0.000,IDLE,0
120.050,1,0.477,0.000,DETECTING,0
120.087,0,0.000,0.000,IDLE,0
120.123,0,0.000,0.000,IDLE,0
120.165,0,0.000,0.000,IDLE,0
120.201,0,0.000,0.000,IDLE,0
120.237,0,0.000,0.000,IDLE,0
120.273,0,0.000,0.000,IDLE,0
120.309,0,0.000,0.000,IDLE,0
120.346,0,0.000,0.000,IDLE,0
120.381,0,0.000,0.000,IDLE,0
120.417,0,0.000,0.000,IDLE,0
120.456,1,0.589,0.000,DETECTING,0
120.493,0,0.000,0.000,IDLE,0
120.532,1,0.504,0.000,DETECTING,0
120.572,1,0.626,0.039,DETECTING,0
120.611,1,0.586,0.079,DETECTING,0
120.651,1,0.663,0.118,DETECTING,0
120.690,1,0.746,0.158,DETECTING,0
120.730,1,0.761,0.197,DETECTING,0
120.770,1,0.933,0.238,DETECTING,0
120.811,1,0.932,0.278,DETECTING,0
120.850,1,0.936,0.318,DETECTING,0
120.892,1,0.955,0.360,DETECTING,0
120.933,1,0.951,0.401,DETECTING,0
120.975,1,0.954,0.443,DETECTING,0
121.016,1,0.949,0.484,DETECTING,0
121.056,1,0.829,0.524,DETECTING,0
121.096,1,0.945,0.564,DETECTING,0
121.137,1,0.921,0.605,DETECTING,0
121.177,1,0.871,0.645,DETECTING,0
121.218,1,0.820,0.686,DETECTING,0
121.258,1,0.928,0.725,DETECTING,0
121.298,1,0.930,0.765,DETECTING,0
121.342,1,0.920,0.810,DETECTING,0
121.382,1,0.869,0.850,DETECTING,0
121.422,1,0.921,0.890,DETECTING,0
121.462,1,0.902,0.930,DETECTING,0
121.501,1,0.878,0.969,DETECTING,0
121.541,1,0.868,1.008,DETECTING,0
121.580,1,0.901,1.048,DETECTING,0
121.620,1,0.946,1.088,DETECTING,0
121.660,1,0.938,1.128,DETECTING,0
121.700,1,0.957,1.168,DETECTING,0
121.741,1,0.927,1.209,DETECTING,0
121.781,1,0.925,1.248,DETECTING,0
121.820,1,0.936,1.288,DETECTING,0
121.860,1,0.924,1.327,DETECTING,0
121.902,1,0.922,1.369,DETECTING,0
121.942,1,0.962,1.409,DETECTING,0
121.981,1,0.957,1.448,DETECTING,0
122.021,1,0.959,1.488,DETECTING,0
122.060,1,0.964,1.528,DETECTING,0
122.101,1,0.952,1.569,DETECTING,0
122.140,1,0.944,1.608,DETECTING,0
122.179,1,0.927,1.647,DETECTING,0
122.220,1,0.933,1.687,DETECTING,0
122.259,1,0.948,1.727,DETECTING,0
122.299,1,0.855,1.766,DETECTING,0
122.338,1,0.896,1.806,DETECTING,0
122.378,1,0.844,1.846,DETECTING,0
122.418,1,0.651,1.886,DETECTING,0
122.458,1,0.687,1.925,DETECTING,0
122.497,1,0.789,1.964,DETECTING,0
122.541,1,0.905,2.009,TRIGGERED,1
122.585,1,0.874,0.000,DETECTING,0
122.624,1,0.908,0.039,DETECTING,0
122.664,1,0.588,0.079,DETECTING,0
122.704,1,0.692,0.118,DETECTING,0
122.744,1,0.539,0.158,DETECTING,0
122.783,1,0.758,0.198,DETECTING,0
122.822,1,0.714,0.237,DETECTING,0
122.861,1,0.682,0.276,DETECTING,0
122.901,1,0.746,0.315,DETECTING,0
122.941,1,0.826,0.355,DETECTING,0
122.982,1,0.856,0.397,DETECTING,0
123.021,1,0.874,0.436,DETECTING,0
123.062,1,0.764,0.476,DETECTING,0
123.102,1,0.727,0.516,DETECTING,0
123.142,1,0.908,0.556,DETECTING,0
123.182,1,0.918,0.596,DETECTING,0
123.223,1,0.910,0.637,DETECTING,0
123.262,1,0.920,0.676,DETECTING,0
123.301,1,0.855,0.716,DETECTING,0
123.340,1,0.895,0.755,DETECTING,0
123.379,1,0.911,0.794,DETECTING,0
123.419,1,0.905,0.834,DETECTING,0
123.457,1,0.926,0.872,DETECTING,0
123.498,1,0.906,0.912,DETECTING,0
123.537,1,0.923,0.952,DETECTING,0
123.577,1,0.921,0.992,DETECTING,0
123.617,1,0.911,1.032,DETECTING,0
123.656,1,0.929,1.071,DETECTING,0
123.697,1,0.926,1.112,DETECTING,0
123.742,1,0.926,1.157,DETECTING,0
123.783,1,0.928,1.198,DETECTING,0
123.823,1,0.923,1.238,DETECTING,0
123.863,1,0.929,1.277,DETECTING,0
123.902,1,0.925,1.316,DETECTING,0
123.942,1,0.928,1.356,DETECTING,0
123.982,1,0.884,1.396,DETECTING,0
124.022,1,0.855,1.436,DETECTING,0
124.062,1,0.905,1.476,DETECTING,0
124.101,1,0.910,1.515,DETECTING,0
124.139,1,0.652,1.554,DETECTING,0
124.179,1,0.793,1.594,DETECTING,0
124.218,1,0.809,1.632,DETECTING,0
124.257,1,0.693,1.672,DETECTING,0
124.298,1,0.663,1.713,DETECTING,0
124.338,1,0.608,1.752,DETECTING,0
124.376,1,0.573,1.791,DETECTING,0
124.415,1,0.466,1.830,DETECTING,0
124.455,0,0.000,0.000,COOLDOWN,0
124.494,1,0.621,0.000,DETECTING,0
124.533,1,0.704,0.040,DETECTING,0
124.573,1,0.604,0.079,DETECTING,0
124.612,1,0.472,0.118,DETECTING,0
124.651,1,0.714,0.157,DETECTING,0
124.690,1,0.527,0.197,DETECTING,0
124.729,1,0.642,0.236,DETECTING,0
124.768,1,0.572,0.274,DETECTING,0
124.807,1,0.760,0.314,DETECTING,0
124.844,0,0.000,0.000,COOLDOWN,0
124.883,1,0.601,0.000,DETECTING,0
124.927,1,0.458,0.043,DETECTING,0
124.963,0,0.000,0.000,COOLDOWN,0
125.002,1,0.569,0.000,DETECTING,0
125.042,1,0.575,0.039,DETECTING,0
125.082,1,0.520,0.079,DETECTING,0
125.121,1,0.500,0.118,DETECTING,0
125.160,1,0.687,0.158,DETECTING,0
125.199,1,0.699,0.197,DETECTING,0
125.238,1,0.678,0.236,DETECTING,0
125.277,1,0.621,0.275,DETECTING,0
125.317,1,0.741,0.315,DETECTING,0
125.357,1,0.659,0.355,DETECTING,0
125.397,1,0.528,0.395,DETECTING,0
125.437,1,0.489,0.435,DETECTING,0
125.478,1,0.522,0.475,DETECTING,0
125.517,1,0.604,0.515,DETECTING,0
125.557,1,0.632,0.555,DETECTING,0
125.597,1,0.662,0.594,DETECTING,0
125.633,0,0.000,0.000,COOLDOWN,0
125.673,1,0.740,0.000,DETECTING,0
125.712,1,0.702,0.039,DETECTING,0
125.752,1,0.688,0.078,DETECTING,0
125.791,1,0.781,0.118,DETECTING,0
125.831,1,0.839,0.157,DETECTING,0
125.870,1,0.759,0.197,DETECTING,0
125.911,1,0.753,0.237,DETECTING,0
125.951,1,0.780,0.278,DETECTING,0
125.992,1,0.863,0.318,DETECTING,0
126.031,1,0.628,0.357,DETECTING,0
